qid,sentence_idquery,output,sentence_id,query
QA20CAPR-0003,,はい,0.0,"「作家のルスティケロが、マルコ・ポーロから聞いた話をまとめた作品といえば何でしょう?」という質問に対して「黄金の島 イタリア ヴェネツィア マルコ・ポーロは、1453年から1547年までヴェネツィア共和国の大使を務めていました。
ルスティケロは、ヴェネツィアの大使として、マルコ・ポーロから聞いた話をまとめました。
マルコ・ポーロは、ヴェネツィアの大使として、ヴェネツィアの文化や歴史について多くの著作を残しています。
したがって、正解はマルコ・ポーロです。
」という回答を得ました。このとき、回答文に含まれる「黄金の島 イタリア ヴェネツィア マルコ・ポーロは、1453年から1547年までヴェネツィア共和国の大使を務めていました」という文は、正しいでしょうか？正しいのであれば、Yesを、正しくないのであれば、Noを出力してください。"
QA20CAPR-0003,,はい,1.0,"「作家のルスティケロが、マルコ・ポーロから聞いた話をまとめた作品といえば何でしょう?」という質問に対して「黄金の島 イタリア ヴェネツィア マルコ・ポーロは、1453年から1547年までヴェネツィア共和国の大使を務めていました。
ルスティケロは、ヴェネツィアの大使として、マルコ・ポーロから聞いた話をまとめました。
マルコ・ポーロは、ヴェネツィアの大使として、ヴェネツィアの文化や歴史について多くの著作を残しています。
したがって、正解はマルコ・ポーロです。
」という回答を得ました。このとき、回答文に含まれる「ルスティケロは、ヴェネツィアの大使として、マルコ・ポーロから聞いた話をまとめました」という文は、正しいでしょうか？正しいのであれば、Yesを、正しくないのであれば、Noを出力してください。"
QA20CAPR-0003,,no,2.0,"「作家のルスティケロが、マルコ・ポーロから聞いた話をまとめた作品といえば何でしょう?」という質問に対して「黄金の島 イタリア ヴェネツィア マルコ・ポーロは、1453年から1547年までヴェネツィア共和国の大使を務めていました。
ルスティケロは、ヴェネツィアの大使として、マルコ・ポーロから聞いた話をまとめました。
マルコ・ポーロは、ヴェネツィアの大使として、ヴェネツィアの文化や歴史について多くの著作を残しています。
したがって、正解はマルコ・ポーロです。
」という回答を得ました。このとき、回答文に含まれる「マルコ・ポーロは、ヴェネツィアの大使として、ヴェネツィアの文化や歴史について多くの著作を残しています」という文は、正しいでしょうか？正しいのであれば、Yesを、正しくないのであれば、Noを出力してください。"
QA20CAPR-0003,,はい,3.0,"「作家のルスティケロが、マルコ・ポーロから聞いた話をまとめた作品といえば何でしょう?」という質問に対して「黄金の島 イタリア ヴェネツィア マルコ・ポーロは、1453年から1547年までヴェネツィア共和国の大使を務めていました。
ルスティケロは、ヴェネツィアの大使として、マルコ・ポーロから聞いた話をまとめました。
マルコ・ポーロは、ヴェネツィアの大使として、ヴェネツィアの文化や歴史について多くの著作を残しています。
したがって、正解はマルコ・ポーロです。
」という回答を得ました。このとき、回答文に含まれる「したがって、正解はマルコ・ポーロです」という文は、正しいでしょうか？正しいのであれば、Yesを、正しくないのであれば、Noを出力してください。"
QA20CAPR-0005,,no,0.0,「『騎士団長殺し』『1Q84』『ノルウェイの森』といった小説の作者は誰でしょう?」という質問に対して「村上春樹」という回答を得ました。このとき、回答文に含まれる「村上春樹」という文は、正しいでしょうか？正しいのであれば、Yesを、正しくないのであれば、Noを出力してください。
QA20CAPR-0007,,はい,0.0,"「サッカーで、コーナーキックやフリーキックのようにボールを止めた状態から始めるプレーのことを何というでしょう?」という質問に対して「ゴールキック(goal kick)といいます。
」という回答を得ました。このとき、回答文に含まれる「ゴールキック(goal kick)といいます」という文は、正しいでしょうか？正しいのであれば、Yesを、正しくないのであれば、Noを出力してください。"
QA20CAPR-0009,,はい Yes 正解です。宇宙の始まりの大爆発は、ビッグバンと呼ばれています。,0.0,"「今から約140億年前に起こったとされる、宇宙の始まりの大爆発のことを何というでしょう?」という質問に対して「ビッグバン」といいます。
」という回答を得ました。このとき、回答文に含まれる「ビッグバン」といいます」という文は、正しいでしょうか？正しいのであれば、Yesを、正しくないのであれば、Noを出力してください。"
QA20CAPR-0011,,はい Yes 粘性抵抗力とは、液体の表面張力によって生じる抵抗力です。正解はYesです。,0.0,「アメンボが水の上をすべることができるのはこの力を利用しているからである、液体がその表面積をできるだけ小さく保とうとする力を何というでしょう?」という質問に対して「粘性抵抗力(ねばっこり)」という回答を得ました。このとき、回答文に含まれる「粘性抵抗力(ねばっこり)」という文は、正しいでしょうか？正しいのであれば、Yesを、正しくないのであれば、Noを出力してください。
QA20CAPR-0013,,はい Yes 有明海と八代海のみに生息するハゼ科の魚で、作家・畑正憲の愛称にもなっているのはムツゴロウです。正解はYesです。,0.0,「日本では有明海と八代海のみに生息するハゼ科の魚で、作家・畑正憲の愛称にもなっているのは何でしょう?」という質問に対して「ムツゴロウ」という回答を得ました。このとき、回答文に含まれる「ムツゴロウ」という文は、正しいでしょうか？正しいのであれば、Yesを、正しくないのであれば、Noを出力してください。
QA20CAPR-0015,,バブル経済とは、株式や不動産などの資産価値が急激に上昇し、投機的な取引によって実体経済とのかい離が大きくなる経済のことです。バブル経済とは、日本やアメリカなど、多くの国々で観察されています。バブル経済とは、投機的な取引により、資産価値が急速に上昇する経済現象です。バブル経済とは、株式や不動産などの資産価値が急激に上昇し、投機的な取引によって実体経済とのかい離が大きくなる経済のことです。バブル経済とは、日本やアメリカなど、多くの国々で観察されています。,0.0,「日本では1990年前後に訪れた、不動産や株などの価格が実態とかけ離れて高騰していく経済のことを、泡を意味する言葉から何経済というでしょう?」という質問に対して「バブル経済」という回答を得ました。このとき、回答文に含まれる「バブル経済」という文は、正しいでしょうか？正しいのであれば、Yesを、正しくないのであれば、Noを出力してください。
QA20CAPR-0017,,ジェラルド・フォードはウォーターゲート事件の責任を取り、辞任しました。最終的な答え:はい。,0.0,"「ウォーターゲート事件によって辞任に追い込まれた、時のアメリカ大統領は誰でしょう?」という質問に対して「ジェラルド・フォード。
」という回答を得ました。このとき、回答文に含まれる「ジェラルド・フォード」という文は、正しいでしょうか？正しいのであれば、Yesを、正しくないのであれば、Noを出力してください。"
QA20CAPR-0019,,no,0.0,"「宋の杜黙の詩が律に合っていなかったことに由来する、誤りが多くていいかげんなことを表す言葉は何でしょう?」という質問に対して「粗雑」です。
」という回答を得ました。このとき、回答文に含まれる「粗雑」です」という文は、正しいでしょうか？正しいのであれば、Yesを、正しくないのであれば、Noを出力してください。"
QA20CAPR-0021,,富良野市は北海へそ祭りの会場の一つです。最終的な答え:はい。,0.0,"「毎年7月に「北海へそ祭り」が開催される、ラベンダー畑で有名な北海道の都市はどこでしょう?」という質問に対して「富良野市です。
」という回答を得ました。このとき、回答文に含まれる「富良野市です」という文は、正しいでしょうか？正しいのであれば、Yesを、正しくないのであれば、Noを出力してください。"
QA20CAPR-0023,,はい Yes 四天王寺金堂の四天王像は、持国天・増長天・広目天・多聞天を指します。四天王寺金堂の四天王像は、日本の仏教美術を代表する存在です。四天王寺金堂の四天王像は、日本最古の四天王像として広く認知されています。四天王寺金堂の四天王像は、日本の仏教美術を代表する存在です。四天王寺金堂の四天王像は、日本の仏教美術を代表する存在です。四天王寺金堂の四天王像は、日本の仏教美術を代表する存在です。四天王寺金堂の四天王像は、日本の仏教美術を代表する,0.0,"「元々は仏教における持国天・増長天・広目天・多聞天のことを指していた、ある集団の中で特に秀でた4人の人物を意味する言葉は何でしょう?」という質問に対して「四天王寺金堂の四天王像。
」という回答を得ました。このとき、回答文に含まれる「四天王寺金堂の四天王像」という文は、正しいでしょうか？正しいのであれば、Yesを、正しくないのであれば、Noを出力してください。"
QA20CAPR-0025,,no,0.0,「テニスで、相手のサーブを返した打球により得点することを何というでしょう?」という質問に対して「リターン・ザ・ボール・ゲーム」という回答を得ました。このとき、回答文に含まれる「リターン・ザ・ボール・ゲーム」という文は、正しいでしょうか？正しいのであれば、Yesを、正しくないのであれば、Noを出力してください。
QA20CAPR-0027,,no,0.0,"「スズメ、イシ、キンメなどの種類がある、縁起物の魚は何でしょう?」という質問に対して「フグ類です。
」という回答を得ました。このとき、回答文に含まれる「フグ類です」という文は、正しいでしょうか？正しいのであれば、Yesを、正しくないのであれば、Noを出力してください。"
QA20CAPR-0029,,はい Yes レンブラント・ファン・レインはオランダの画家です。 最終的な答え:はい。,0.0,「『アルルの跳ね橋』や『ひまわり』などの作品で知られる、オランダの画家は誰でしょう?」という質問に対して「レンブラント・ファン・レイン」という回答を得ました。このとき、回答文に含まれる「レンブラント・ファン・レイン」という文は、正しいでしょうか？正しいのであれば、Yesを、正しくないのであれば、Noを出力してください。
QA20CAPR-0031,,no,0.0,"「総北高校に通う小野田坂道を主人公とする、渡辺航の自転車漫画は何でしょう?」という質問に対して「弱虫ペダルです。
」という回答を得ました。このとき、回答文に含まれる「弱虫ペダルです」という文は、正しいでしょうか？正しいのであれば、Yesを、正しくないのであれば、Noを出力してください。"
QA20CAPR-0033,,はい,0.0,"「提唱したドイツの統計学者の名に由来する、家計の支出に占める飲食費の割合を何というでしょう?」という質問に対して「エンゲル係数(または「食費」)とは、家庭における消費支出の測定値であり、所得と物価の関数です。
提唱者にちなんで名付けられました。
この指標は、所得と物価の変動に応じて増減します。
」という回答を得ました。このとき、回答文に含まれる「エンゲル係数(または「食費」)とは、家庭における消費支出の測定値であり、所得と物価の関数です」という文は、正しいでしょうか？正しいのであれば、Yesを、正しくないのであれば、Noを出力してください。"
QA20CAPR-0033,,はい,1.0,"「提唱したドイツの統計学者の名に由来する、家計の支出に占める飲食費の割合を何というでしょう?」という質問に対して「エンゲル係数(または「食費」)とは、家庭における消費支出の測定値であり、所得と物価の関数です。
提唱者にちなんで名付けられました。
この指標は、所得と物価の変動に応じて増減します。
」という回答を得ました。このとき、回答文に含まれる「提唱者にちなんで名付けられました」という文は、正しいでしょうか？正しいのであれば、Yesを、正しくないのであれば、Noを出力してください。"
QA20CAPR-0033,,はい,2.0,"「提唱したドイツの統計学者の名に由来する、家計の支出に占める飲食費の割合を何というでしょう?」という質問に対して「エンゲル係数(または「食費」)とは、家庭における消費支出の測定値であり、所得と物価の関数です。
提唱者にちなんで名付けられました。
この指標は、所得と物価の変動に応じて増減します。
」という回答を得ました。このとき、回答文に含まれる「この指標は、所得と物価の変動に応じて増減します」という文は、正しいでしょうか？正しいのであれば、Yesを、正しくないのであれば、Noを出力してください。"
QA20CAPR-0035,,はい,0.0,"「人気マンガの『ベルサイユのばら』や『エースをねらえ!』が連載された、集英社の少女向けマンガ雑誌は何でしょう?」という質問に対して「マーガレットコミックスです。
」という回答を得ました。このとき、回答文に含まれる「マーガレットコミックスです」という文は、正しいでしょうか？正しいのであれば、Yesを、正しくないのであれば、Noを出力してください。"
QA20CAPR-0037,,no,0.0,「火口で見つかった方解石の結晶を、ある宝石と間違ったことがその名の由来である、ハワイ・オアフ島を代表する観光地となっている火山は何でしょう?」という質問に対して「ダイヤモンドヘッド」という回答を得ました。このとき、回答文に含まれる「ダイヤモンドヘッド」という文は、正しいでしょうか？正しいのであれば、Yesを、正しくないのであれば、Noを出力してください。
QA20CAPR-0039,,はい,0.0,"「「Nonprofit Organization」の略称である、非営利で活動を行う民間団体を意味するアルファベット3文字は何でしょう?」という質問に対して「NGO(非政府組織)です。
」という回答を得ました。このとき、回答文に含まれる「NGO(非政府組織)です」という文は、正しいでしょうか？正しいのであれば、Yesを、正しくないのであれば、Noを出力してください。"
QA20CAPR-0041,,はい Yes くまモンは本名を國土郁音といいます。 童謡『森のくまさん』の替え歌ネタで注目を集めたお笑い芸人です。 最終的な答え:はい。,0.0,「本名を國土郁音という、童謡『森のくまさん』の替え歌ネタで話題となったお笑い芸人は誰でしょう?」という質問に対して「くまモン」という回答を得ました。このとき、回答文に含まれる「くまモン」という文は、正しいでしょうか？正しいのであれば、Yesを、正しくないのであれば、Noを出力してください。
QA20CAPR-0043,,はい,0.0,"「神奈川県の城ケ島では「アマガニ」の名前で食べられている、体の成長に合わせ貝殻を次々と引っ越すことが特徴の甲殻類は何でしょう?」という質問に対して「ツノナシオシオグサガイ科の一種。
」という回答を得ました。このとき、回答文に含まれる「ツノナシオシオグサガイ科の一種」という文は、正しいでしょうか？正しいのであれば、Yesを、正しくないのであれば、Noを出力してください。"
QA20CAPR-0045,,熊本県です。,0.0,"「高菜めし、太平燕、辛子蓮根といえば、どこの都道府県の名物料理でしょう?」という質問に対して「熊本県です。
」という回答を得ました。このとき、回答文に含まれる「熊本県です」という文は、正しいでしょうか？正しいのであれば、Yesを、正しくないのであれば、Noを出力してください。"
QA20CAPR-0047,,はい,0.0,"「1994年のF1サンマリノGPでクラッシュし亡くなった、「音速の貴公子」の異名で知られたレーサーは誰でしょう?」という質問に対して「アイルトン・セナ 1994年のF1サンマリノGPで、アイルトン・セナは事故に巻き込まれて亡くなりました。
彼は史上最高のドライバーの一人として広く認知されており、彼の死後も多くのファンや関係者によって惜しまれています。
」という回答を得ました。このとき、回答文に含まれる「アイルトン・セナ 1994年のF1サンマリノGPで、アイルトン・セナは事故に巻き込まれて亡くなりました」という文は、正しいでしょうか？正しいのであれば、Yesを、正しくないのであれば、Noを出力してください。"
QA20CAPR-0047,,はい,1.0,"「1994年のF1サンマリノGPでクラッシュし亡くなった、「音速の貴公子」の異名で知られたレーサーは誰でしょう?」という質問に対して「アイルトン・セナ 1994年のF1サンマリノGPで、アイルトン・セナは事故に巻き込まれて亡くなりました。
彼は史上最高のドライバーの一人として広く認知されており、彼の死後も多くのファンや関係者によって惜しまれています。
」という回答を得ました。このとき、回答文に含まれる「彼は史上最高のドライバーの一人として広く認知されており、彼の死後も多くのファンや関係者によって惜しまれています」という文は、正しいでしょうか？正しいのであれば、Yesを、正しくないのであれば、Noを出力してください。"
QA20CAPR-0049,,はい,0.0,「ワルシャワにある空港にその名を残す、『革命のエチュード』や『子犬のワルツ』などのピアノ曲で知られるポーランドの作曲家は誰でしょう?」という質問に対して「フレデリック・ショパン」という回答を得ました。このとき、回答文に含まれる「フレデリック・ショパン」という文は、正しいでしょうか？正しいのであれば、Yesを、正しくないのであれば、Noを出力してください。
QA20CAPR-0051,,炭素はフラーレン、黒鉛、ダイヤモンドの主要な構成要素です。最終的な答え:はい。,0.0,「フラーレン、黒鉛、ダイヤモンドといえばいずれもどんな元素から出来ている物質でしょう?」という質問に対して「炭素」という回答を得ました。このとき、回答文に含まれる「炭素」という文は、正しいでしょうか？正しいのであれば、Yesを、正しくないのであれば、Noを出力してください。
QA20CAPR-0053,,no,0.0,"「48面のテニスコートと1万人を収容する有明コロシアムが存在する、ゆりかもめの駅名にもなっている江東区の公園は何でしょう?」という質問に対して「夢の島公園です。
」という回答を得ました。このとき、回答文に含まれる「夢の島公園です」という文は、正しいでしょうか？正しいのであれば、Yesを、正しくないのであれば、Noを出力してください。"
QA20CAPR-0055,,はい,0.0,"「「迫りくる危機」や「緊急事態宣言」といった拡張セットもある、プレイヤーがウイルス対策チームの一員となり、世界に蔓延する感染症を根絶するという内容のボードゲームは何でしょう?」という質問に対して「パンデミック:グローバル・ウォーです。
」という回答を得ました。このとき、回答文に含まれる「パンデミック:グローバル・ウォーです」という文は、正しいでしょうか？正しいのであれば、Yesを、正しくないのであれば、Noを出力してください。"
QA20CAPR-0057,,はい,0.0,"「美しい景観から「ドナウ川の真珠」とも呼ばれる、ハンガリーの首都はどこでしょう?」という質問に対して「ブダペストです。
」という回答を得ました。このとき、回答文に含まれる「ブダペストです」という文は、正しいでしょうか？正しいのであれば、Yesを、正しくないのであれば、Noを出力してください。"
QA20CAPR-0059,,はい :) 井上真央さんは、杉文役としてドラマに出演しています。最終的な答え:はい。,0.0,"「NHKの大河ドラマ『花燃ゆ』で、主人公の杉文を演じた女優は誰でしょう?」という質問に対して「井上真央さんです。
」という回答を得ました。このとき、回答文に含まれる「井上真央さんです」という文は、正しいでしょうか？正しいのであれば、Yesを、正しくないのであれば、Noを出力してください。"
QA20CAPR-0061,,床体操とは、女子のみで行われる体操の一種です。そのため、答えは「はい」となります。,0.0,"「高さ170cmと250cmの2本の鉄棒を使用する、女子のみで行われる体操競技は何でしょう?」という質問に対して「床体操です。
」という回答を得ました。このとき、回答文に含まれる「床体操です」という文は、正しいでしょうか？正しいのであれば、Yesを、正しくないのであれば、Noを出力してください。"
QA20CAPR-0063,,はい,0.0,"「「満月」を意味する名前がついた、もち米を焼いた皮に餡を詰めた和菓子は何でしょう?」という質問に対して「月餅です。
」という回答を得ました。このとき、回答文に含まれる「月餅です」という文は、正しいでしょうか？正しいのであれば、Yesを、正しくないのであれば、Noを出力してください。"
QA20CAPR-0065,,はい,0.0,"「一段進めた香車の下に王を入れて、周りを金や銀で守り固める将棋の戦法を、ある動物の名前をとって何というでしょう?」という質問に対して「象牙将棋」と言います。
」という回答を得ました。このとき、回答文に含まれる「象牙将棋」と言います」という文は、正しいでしょうか？正しいのであれば、Yesを、正しくないのであれば、Noを出力してください。"
QA20CAPR-0067,,no,0.0,"「水平型、こま型などの種類がある、太陽の方向によってできる影を利用した時計は何でしょう?」という質問に対して「振り子時計です。
」という回答を得ました。このとき、回答文に含まれる「振り子時計です」という文は、正しいでしょうか？正しいのであれば、Yesを、正しくないのであれば、Noを出力してください。"
QA20CAPR-0069,,はい,0.0,"「フランス語で「稲妻」という意味がある、細長いシュークリームにチョコレートをかけたお菓子は何でしょう?」という質問に対して「ガレット・デ・ロワ フランス語で「稲妻」という意味がある、細長いシュークリームにチョコレートをかけたお菓子はガレット・デ・ロワです。
」という回答を得ました。このとき、回答文に含まれる「ガレット・デ・ロワ フランス語で「稲妻」という意味がある、細長いシュークリームにチョコレートをかけたお菓子はガレット・デ・ロワです」という文は、正しいでしょうか？正しいのであれば、Yesを、正しくないのであれば、Noを出力してください。"
QA20CAPR-0071,,はい,0.0,「サッカーで、前線の選手が敵を背にした状態で味方からのパスを貰い、攻撃の起点となるプレーを何というでしょう?」という質問に対して「クロスオーバープレー(cross-over)」という回答を得ました。このとき、回答文に含まれる「クロスオーバープレー(cross-over)」という文は、正しいでしょうか？正しいのであれば、Yesを、正しくないのであれば、Noを出力してください。
QA20CAPR-0073,,はい Yes 最終的な答え:はい。,0.0,「ギリシャ語の「暴君」と「とかげ」を合成した名前を持つ、約6550万年前に絶滅した史上最大級の肉食恐竜は何でしょう?」という質問に対して「ティラノサウルス・レックス」という回答を得ました。このとき、回答文に含まれる「ティラノサウルス・レックス」という文は、正しいでしょうか？正しいのであれば、Yesを、正しくないのであれば、Noを出力してください。
QA20CAPR-0075,,はい 米麹と酒粕から作られる伝統的な甘味飲料は、甘酒と呼ばれています。正解はYesです。,0.0,"「海外では「ジャパニーズヨーグルト」とも呼ばれる、米麹や酒粕から作られる伝統的な甘味飲料は何でしょう?」という質問に対して「甘酒です。
」という回答を得ました。このとき、回答文に含まれる「甘酒です」という文は、正しいでしょうか？正しいのであれば、Yesを、正しくないのであれば、Noを出力してください。"
QA20CAPR-0077,,はい,0.0,「縁結びの神とされる大国主が祭られており、毎年旧暦10月に全国の神様が集まるとされる島根県の神社はどこでしょう?」という質問に対して「出雲大社」という回答を得ました。このとき、回答文に含まれる「出雲大社」という文は、正しいでしょうか？正しいのであれば、Yesを、正しくないのであれば、Noを出力してください。
QA20CAPR-0079,,はい,0.0,"「車体に漫画やアニメのキャラクターなどの装飾を施した自動車のことを、俗に何というでしょう?」という質問に対して「痛車(いたしゃ)とは、自動車のボディに漫画やアニメのキャラクターなどの装飾を施すことです。
」という回答を得ました。このとき、回答文に含まれる「痛車(いたしゃ)とは、自動車のボディに漫画やアニメのキャラクターなどの装飾を施すことです」という文は、正しいでしょうか？正しいのであれば、Yesを、正しくないのであれば、Noを出力してください。"
QA20CAPR-0081,,豆腐は、白あえやサラダなどに使われる人気のある食材です。そのため、答えはYesです。,0.0,"「「白あえ」にも使われる、絹ごし、木綿などの種類がある食材は何でしょう?」という質問に対して「豆腐です。
」という回答を得ました。このとき、回答文に含まれる「豆腐です」という文は、正しいでしょうか？正しいのであれば、Yesを、正しくないのであれば、Noを出力してください。"
QA20CAPR-0083,,はい Yes 地獄谷温泉は、登別市の温泉です。 地獄谷温泉は、チェコにある温泉・カールスバートに似た泉質であったため、名前が付けられました。 最終的な答え:はい。,0.0,「チェコにある温泉・カールスバートと似た泉質であったことから名が付いた、北海道の登別市にある温泉は何でしょう?」という質問に対して「地獄谷温泉」という回答を得ました。このとき、回答文に含まれる「地獄谷温泉」という文は、正しいでしょうか？正しいのであれば、Yesを、正しくないのであれば、Noを出力してください。
QA20CAPR-0085,,はい,0.0,"「1907年に日本広告と日本電報通信社が合併して出来た、日本最大の広告代理店は何でしょう?」という質問に対して「博報堂DYホールディングスです。
」という回答を得ました。このとき、回答文に含まれる「博報堂DYホールディングスです」という文は、正しいでしょうか？正しいのであれば、Yesを、正しくないのであれば、Noを出力してください。"
QA20CAPR-0087,,はい 28 set of 28 packages and playing geenga. No than the answer is no. Yes.,0.0,"「1セット28枚からなり、本来は「メキシカントレイン」や「ブロック」など様々な遊び方があるが、日本ではたくさん並べて倒すという使い方でほぼ楽しまれている遊具は何でしょう?」という質問に対して「ジェンガです。
」という回答を得ました。このとき、回答文に含まれる「ジェンガです」という文は、正しいでしょうか？正しいのであれば、Yesを、正しくないのであれば、Noを出力してください。"
QA20CAPR-0089,,はい,0.0,"「古代中国では太陽に住んでいるカラスの姿だとされていた、太陽の表面で周りより温度が低く色が違って見える点を何というでしょう?」という質問に対して「彩雲(さいうん)または虹の環(こう)と呼ばれています。
」という回答を得ました。このとき、回答文に含まれる「彩雲(さいうん)または虹の環(こう)と呼ばれています」という文は、正しいでしょうか？正しいのであれば、Yesを、正しくないのであれば、Noを出力してください。"
QA20CAPR-0091,,no,0.0,「原子番号99の元素にもその名を残す、「光電効果」の説明や「特殊相対性理論」の提唱などの業績で知られる科学者は誰でしょう?」という質問に対して「アーネスト・ラザフォード」という回答を得ました。このとき、回答文に含まれる「アーネスト・ラザフォード」という文は、正しいでしょうか？正しいのであれば、Yesを、正しくないのであれば、Noを出力してください。
QA20CAPR-0093,,はい,0.0,"「雑誌などで発表せず、直接単行本などで出版される小説のことを何というでしょう?」という質問に対して「オフ・ザ・ウォール」とは、アメリカのロックバンドU2が1979年にリリースしたアルバムです。
このバンドはロックの殿堂入りを果たしています。
オフ・ザ・ウォールは、アメリカや世界中で大ヒットを記録しました。
オフ・ザ・ウォールは、ロック史上重要な作品として広く認知されています。
」という回答を得ました。このとき、回答文に含まれる「オフ・ザ・ウォール」とは、アメリカのロックバンドU2が1979年にリリースしたアルバムです」という文は、正しいでしょうか？正しいのであれば、Yesを、正しくないのであれば、Noを出力してください。"
QA20CAPR-0093,,no,1.0,"「雑誌などで発表せず、直接単行本などで出版される小説のことを何というでしょう?」という質問に対して「オフ・ザ・ウォール」とは、アメリカのロックバンドU2が1979年にリリースしたアルバムです。
このバンドはロックの殿堂入りを果たしています。
オフ・ザ・ウォールは、アメリカや世界中で大ヒットを記録しました。
オフ・ザ・ウォールは、ロック史上重要な作品として広く認知されています。
」という回答を得ました。このとき、回答文に含まれる「このバンドはロックの殿堂入りを果たしています」という文は、正しいでしょうか？正しいのであれば、Yesを、正しくないのであれば、Noを出力してください。"
QA20CAPR-0093,,Yes,2.0,"「雑誌などで発表せず、直接単行本などで出版される小説のことを何というでしょう?」という質問に対して「オフ・ザ・ウォール」とは、アメリカのロックバンドU2が1979年にリリースしたアルバムです。
このバンドはロックの殿堂入りを果たしています。
オフ・ザ・ウォールは、アメリカや世界中で大ヒットを記録しました。
オフ・ザ・ウォールは、ロック史上重要な作品として広く認知されています。
」という回答を得ました。このとき、回答文に含まれる「オフ・ザ・ウォールは、アメリカや世界中で大ヒットを記録しました」という文は、正しいでしょうか？正しいのであれば、Yesを、正しくないのであれば、Noを出力してください。"
QA20CAPR-0093,,Yes,3.0,"「雑誌などで発表せず、直接単行本などで出版される小説のことを何というでしょう?」という質問に対して「オフ・ザ・ウォール」とは、アメリカのロックバンドU2が1979年にリリースしたアルバムです。
このバンドはロックの殿堂入りを果たしています。
オフ・ザ・ウォールは、アメリカや世界中で大ヒットを記録しました。
オフ・ザ・ウォールは、ロック史上重要な作品として広く認知されています。
」という回答を得ました。このとき、回答文に含まれる「オフ・ザ・ウォールは、ロック史上重要な作品として広く認知されています」という文は、正しいでしょうか？正しいのであれば、Yesを、正しくないのであれば、Noを出力してください。"
QA20CAPR-0095,,はい,0.0,"「ドイツの教師リヒャルト・シルマンが提唱し世界に広まった、旅行者が格安で利用できる宿泊所を何というでしょう?」という質問に対して「ユースホステル」とは、会員制の宿泊施設で、青少年や若者に旅行者向けの宿泊と教育を提供するものです。
リヒャルト・シルマンは、ユースホステル運動の中心的な推進者であり、ユースホステル運動は、旅行者の宿泊と教育の機会を増やすことによって、世界の観光を促進することを目的としています。
」という回答を得ました。このとき、回答文に含まれる「ユースホステル」とは、会員制の宿泊施設で、青少年や若者に旅行者向けの宿泊と教育を提供するものです」という文は、正しいでしょうか？正しいのであれば、Yesを、正しくないのであれば、Noを出力してください。"
QA20CAPR-0095,,はい,1.0,"「ドイツの教師リヒャルト・シルマンが提唱し世界に広まった、旅行者が格安で利用できる宿泊所を何というでしょう?」という質問に対して「ユースホステル」とは、会員制の宿泊施設で、青少年や若者に旅行者向けの宿泊と教育を提供するものです。
リヒャルト・シルマンは、ユースホステル運動の中心的な推進者であり、ユースホステル運動は、旅行者の宿泊と教育の機会を増やすことによって、世界の観光を促進することを目的としています。
」という回答を得ました。このとき、回答文に含まれる「リヒャルト・シルマンは、ユースホステル運動の中心的な推進者であり、ユースホステル運動は、旅行者の宿泊と教育の機会を増やすことによって、世界の観光を促進することを目的としています」という文は、正しいでしょうか？正しいのであれば、Yesを、正しくないのであれば、Noを出力してください。"
QA20CAPR-0097,,はい,0.0,"「ラテン語で「走る人」という意味の言葉に由来する、パソコンで文字を入力する場所を示す線や記号を何というでしょう?」という質問に対して「TABLECONTEXT」と書かれたキーがあります。
このキーは、画面の右上隅にあります。
また、TABLECONTEXTキーを押しながら、スペースバーを押すことでも入力できます。
これにより、テキストが選択され、入力できるようになります。
」という回答を得ました。このとき、回答文に含まれる「TABLECONTEXT」と書かれたキーがあります」という文は、正しいでしょうか？正しいのであれば、Yesを、正しくないのであれば、Noを出力してください。"
QA20CAPR-0097,,Yes,1.0,"「ラテン語で「走る人」という意味の言葉に由来する、パソコンで文字を入力する場所を示す線や記号を何というでしょう?」という質問に対して「TABLECONTEXT」と書かれたキーがあります。
このキーは、画面の右上隅にあります。
また、TABLECONTEXTキーを押しながら、スペースバーを押すことでも入力できます。
これにより、テキストが選択され、入力できるようになります。
」という回答を得ました。このとき、回答文に含まれる「このキーは、画面の右上隅にあります」という文は、正しいでしょうか？正しいのであれば、Yesを、正しくないのであれば、Noを出力してください。"
QA20CAPR-0097,,no,2.0,"「ラテン語で「走る人」という意味の言葉に由来する、パソコンで文字を入力する場所を示す線や記号を何というでしょう?」という質問に対して「TABLECONTEXT」と書かれたキーがあります。
このキーは、画面の右上隅にあります。
また、TABLECONTEXTキーを押しながら、スペースバーを押すことでも入力できます。
これにより、テキストが選択され、入力できるようになります。
」という回答を得ました。このとき、回答文に含まれる「また、TABLECONTEXTキーを押しながら、スペースバーを押すことでも入力できます」という文は、正しいでしょうか？正しいのであれば、Yesを、正しくないのであれば、Noを出力してください。"
QA20CAPR-0097,,Yes,3.0,"「ラテン語で「走る人」という意味の言葉に由来する、パソコンで文字を入力する場所を示す線や記号を何というでしょう?」という質問に対して「TABLECONTEXT」と書かれたキーがあります。
このキーは、画面の右上隅にあります。
また、TABLECONTEXTキーを押しながら、スペースバーを押すことでも入力できます。
これにより、テキストが選択され、入力できるようになります。
」という回答を得ました。このとき、回答文に含まれる「これにより、テキストが選択され、入力できるようになります」という文は、正しいでしょうか？正しいのであれば、Yesを、正しくないのであれば、Noを出力してください。"
QA20CAPR-0099,,no,0.0,「かつてイギリスで活字の大きさを宝石の名前で呼んでいたことに由来する、印刷用語で難しい漢字などにつけられるふりがなを何というでしょう?」という質問に対して「ルビコン川を渡る(ruby connection)」という回答を得ました。このとき、回答文に含まれる「ルビコン川を渡る(ruby connection)」という文は、正しいでしょうか？正しいのであれば、Yesを、正しくないのであれば、Noを出力してください。
QA20CAPR-0101,,はい,0.0,"「これを好んで食べたフランスの作家がその名の由来である、牛のヒレ肉の中でも中心にある最高級の部位を何というでしょう?」という質問に対して「シャトーブリアンステーキ」といいます。
」という回答を得ました。このとき、回答文に含まれる「シャトーブリアンステーキ」といいます」という文は、正しいでしょうか？正しいのであれば、Yesを、正しくないのであれば、Noを出力してください。"
QA20CAPR-0103,,はい,0.0,"「食事において、気分を変えたり口をさっぱりさせたりするために出されるちょっとしたおかずのことを、ある食器の名を用いた表現で何というでしょう?」という質問に対して「小鉢料理(small plate)とは、小さな容器に詰められた料理のことです。
このタイプの料理は、主に副菜や付け合わせとして提供されます。
副菜とは、主菜の後に食べるおかずのことです。
副菜とは、主に主菜の後に食べるおかずのことです。
副菜とは、主に主菜の後に食べるおかずのことです。
」という回答を得ました。このとき、回答文に含まれる「小鉢料理(small plate)とは、小さな容器に詰められた料理のことです」という文は、正しいでしょうか？正しいのであれば、Yesを、正しくないのであれば、Noを出力してください。"
QA20CAPR-0103,,Yes,1.0,"「食事において、気分を変えたり口をさっぱりさせたりするために出されるちょっとしたおかずのことを、ある食器の名を用いた表現で何というでしょう?」という質問に対して「小鉢料理(small plate)とは、小さな容器に詰められた料理のことです。
このタイプの料理は、主に副菜や付け合わせとして提供されます。
副菜とは、主菜の後に食べるおかずのことです。
副菜とは、主に主菜の後に食べるおかずのことです。
副菜とは、主に主菜の後に食べるおかずのことです。
」という回答を得ました。このとき、回答文に含まれる「このタイプの料理は、主に副菜や付け合わせとして提供されます」という文は、正しいでしょうか？正しいのであれば、Yesを、正しくないのであれば、Noを出力してください。"
QA20CAPR-0103,,はい,2.0,"「食事において、気分を変えたり口をさっぱりさせたりするために出されるちょっとしたおかずのことを、ある食器の名を用いた表現で何というでしょう?」という質問に対して「小鉢料理(small plate)とは、小さな容器に詰められた料理のことです。
このタイプの料理は、主に副菜や付け合わせとして提供されます。
副菜とは、主菜の後に食べるおかずのことです。
副菜とは、主に主菜の後に食べるおかずのことです。
副菜とは、主に主菜の後に食べるおかずのことです。
」という回答を得ました。このとき、回答文に含まれる「副菜とは、主菜の後に食べるおかずのことです」という文は、正しいでしょうか？正しいのであれば、Yesを、正しくないのであれば、Noを出力してください。"
QA20CAPR-0103,,はい,3.0,"「食事において、気分を変えたり口をさっぱりさせたりするために出されるちょっとしたおかずのことを、ある食器の名を用いた表現で何というでしょう?」という質問に対して「小鉢料理(small plate)とは、小さな容器に詰められた料理のことです。
このタイプの料理は、主に副菜や付け合わせとして提供されます。
副菜とは、主菜の後に食べるおかずのことです。
副菜とは、主に主菜の後に食べるおかずのことです。
副菜とは、主に主菜の後に食べるおかずのことです。
」という回答を得ました。このとき、回答文に含まれる「副菜とは、主に主菜の後に食べるおかずのことです」という文は、正しいでしょうか？正しいのであれば、Yesを、正しくないのであれば、Noを出力してください。"
QA20CAPR-0103,,はい,4.0,"「食事において、気分を変えたり口をさっぱりさせたりするために出されるちょっとしたおかずのことを、ある食器の名を用いた表現で何というでしょう?」という質問に対して「小鉢料理(small plate)とは、小さな容器に詰められた料理のことです。
このタイプの料理は、主に副菜や付け合わせとして提供されます。
副菜とは、主菜の後に食べるおかずのことです。
副菜とは、主に主菜の後に食べるおかずのことです。
副菜とは、主に主菜の後に食べるおかずのことです。
」という回答を得ました。このとき、回答文に含まれる「副菜とは、主に主菜の後に食べるおかずのことです」という文は、正しいでしょうか？正しいのであれば、Yesを、正しくないのであれば、Noを出力してください。"
QA20CAPR-0105,,松ぼっくりとは、松から落ちる球果の一種です。正解はYesです。,0.0,「エジソンが、電球のフィラメントに使ったことで有名な植物は何でしょう?」という質問に対して「松ぼっくり」という回答を得ました。このとき、回答文に含まれる「松ぼっくり」という文は、正しいでしょうか？正しいのであれば、Yesを、正しくないのであれば、Noを出力してください。
QA20CAPR-0107,,no,0.0,"「沖縄県では、かつて鍋を洗う時に使ったことから「ナーベラー」とも呼ばれる食べ物は何でしょう?」という質問に対して「ヘチマです。
」という回答を得ました。このとき、回答文に含まれる「ヘチマです」という文は、正しいでしょうか？正しいのであれば、Yesを、正しくないのであれば、Noを出力してください。"
QA20CAPR-0109,,メルボルンは、1956年のオリンピック開催都市です。最終的な答え:はい。,0.0,「1956年には南半球初のオリンピック開催地となった、オーストラリアの都市はどこでしょう?」という質問に対して「メルボルン」という回答を得ました。このとき、回答文に含まれる「メルボルン」という文は、正しいでしょうか？正しいのであれば、Yesを、正しくないのであれば、Noを出力してください。
QA20CAPR-0111,,はい,0.0,"「史上初めて公式戦で4回転フリップを成功させた男子フィギュアスケーターである、平昌五輪で銀メダルに輝いた日本のフィギュアスケート選手は誰でしょう?」という質問に対して「羽生結弦選手です。
」という回答を得ました。このとき、回答文に含まれる「羽生結弦選手です」という文は、正しいでしょうか？正しいのであれば、Yesを、正しくないのであれば、Noを出力してください。"
QA20CAPR-0113,,はい,0.0,"「これを達成した時にお金が支払われる保険も存在する、ゴルフで最初の1打がそのままカップインすることを何というでしょう?」という質問に対して「ホールインワン保険」と言います。
」という回答を得ました。このとき、回答文に含まれる「ホールインワン保険」と言います」という文は、正しいでしょうか？正しいのであれば、Yesを、正しくないのであれば、Noを出力してください。"
QA20CAPR-0115,,no,0.0,「左手で鋭い突きを繰り出す「牙突」を得意技とする、漫画『るろうに剣心』に登場する実在の剣士は誰でしょう?」という質問に対して「瀬田宗次郎」という回答を得ました。このとき、回答文に含まれる「瀬田宗次郎」という文は、正しいでしょうか？正しいのであれば、Yesを、正しくないのであれば、Noを出力してください。
QA20CAPR-0117,,はい yes,0.0,"「漢字では「金偏に口」と書く、服をとめる時に使うものは何でしょう?」という質問に対して「ボタンです。
」という回答を得ました。このとき、回答文に含まれる「ボタンです」という文は、正しいでしょうか？正しいのであれば、Yesを、正しくないのであれば、Noを出力してください。"
QA20CAPR-0119,,はい,0.0,"「1999年にメキシコシティに第1号店が誕生した、子供たちが色々な職業を体験できるテーマパークといえば何でしょう?」という質問に対して「ユニバーサル・スタジオ・ジャパンです。
」という回答を得ました。このとき、回答文に含まれる「ユニバーサル・スタジオ・ジャパンです」という文は、正しいでしょうか？正しいのであれば、Yesを、正しくないのであれば、Noを出力してください。"
QA20CAPR-0121,,はい Yes スケールクロスとは、粉末などの重量を測定するために使用される紙です。 スケールクロスとは、粉末などの重量を測定するために使用される紙です。 最終的な答え:はい。,0.0,「上皿天秤で重さをはかるときに、粉末などを乗せる紙を何というでしょう?」という質問に対して「スケールクロス(紙)」という回答を得ました。このとき、回答文に含まれる「スケールクロス(紙)」という文は、正しいでしょうか？正しいのであれば、Yesを、正しくないのであれば、Noを出力してください。
QA20CAPR-0123,,インドは国です。インドはインド映画の中心地です。最終的な答え:はい。,0.0,"「「マサラムービー」や「ボリウッド映画」といえば、どこの国で作られた映画のことでしょう?」という質問に対して「インド。
」という回答を得ました。このとき、回答文に含まれる「インド」という文は、正しいでしょうか？正しいのであれば、Yesを、正しくないのであれば、Noを出力してください。"
QA20CAPR-0125,,はい,0.0,"「無口で行動的な探偵を主人公とする推理小説の一ジャンルのことを、「固ゆでの卵」を意味する英語で何というでしょう?」という質問に対して「エッグ・タイクーン(Egg Tycoon)とは、アメリカの探偵小説のジャンルであり、私立探偵の主人公が事件の謎解きや犯罪の解決に焦点を当てています。
エッグ・タイクーンは、19世紀後半から20世紀初頭にかけて人気を博しました。
エッグ・タイクーンは、私立探偵の主人公が事件の謎解きや犯罪の解決に焦点を当てたアメリカの探偵小説のジャンルです。
」という回答を得ました。このとき、回答文に含まれる「エッグ・タイクーン(Egg Tycoon)とは、アメリカの探偵小説のジャンルであり、私立探偵の主人公が事件の謎解きや犯罪の解決に焦点を当てています」という文は、正しいでしょうか？正しいのであれば、Yesを、正しくないのであれば、Noを出力してください。"
QA20CAPR-0125,,はい,1.0,"「無口で行動的な探偵を主人公とする推理小説の一ジャンルのことを、「固ゆでの卵」を意味する英語で何というでしょう?」という質問に対して「エッグ・タイクーン(Egg Tycoon)とは、アメリカの探偵小説のジャンルであり、私立探偵の主人公が事件の謎解きや犯罪の解決に焦点を当てています。
エッグ・タイクーンは、19世紀後半から20世紀初頭にかけて人気を博しました。
エッグ・タイクーンは、私立探偵の主人公が事件の謎解きや犯罪の解決に焦点を当てたアメリカの探偵小説のジャンルです。
」という回答を得ました。このとき、回答文に含まれる「エッグ・タイクーンは、19世紀後半から20世紀初頭にかけて人気を博しました」という文は、正しいでしょうか？正しいのであれば、Yesを、正しくないのであれば、Noを出力してください。"
QA20CAPR-0125,,はい,2.0,"「無口で行動的な探偵を主人公とする推理小説の一ジャンルのことを、「固ゆでの卵」を意味する英語で何というでしょう?」という質問に対して「エッグ・タイクーン(Egg Tycoon)とは、アメリカの探偵小説のジャンルであり、私立探偵の主人公が事件の謎解きや犯罪の解決に焦点を当てています。
エッグ・タイクーンは、19世紀後半から20世紀初頭にかけて人気を博しました。
エッグ・タイクーンは、私立探偵の主人公が事件の謎解きや犯罪の解決に焦点を当てたアメリカの探偵小説のジャンルです。
」という回答を得ました。このとき、回答文に含まれる「エッグ・タイクーンは、私立探偵の主人公が事件の謎解きや犯罪の解決に焦点を当てたアメリカの探偵小説のジャンルです」という文は、正しいでしょうか？正しいのであれば、Yesを、正しくないのであれば、Noを出力してください。"
QA20CAPR-0127,,はい,0.0,"「イタリア語で「生クリームを煮た」という意味がある、つるりとした口当たりが特徴的なデザートは何でしょう?」という質問に対して「フォカッチャ・ディ・ドルチェ・アッラ・ジェラート イタリア料理の定番であるドルチェは、イタリア発祥のデザートです。
イタリアのドルチェには、アイスクリームやシャーベット、プリンなどがあります。
フォカッチャとは、小麦粉と水で作られるイタリアのパンの一種です。
フォカッチャは、イタリア全土やフランス、ドイツなどのヨーロッパ諸国で広く作られています。
」という回答を得ました。このとき、回答文に含まれる「フォカッチャ・ディ・ドルチェ・アッラ・ジェラート イタリア料理の定番であるドルチェは、イタリア発祥のデザートです」という文は、正しいでしょうか？正しいのであれば、Yesを、正しくないのであれば、Noを出力してください。"
QA20CAPR-0127,,はい,1.0,"「イタリア語で「生クリームを煮た」という意味がある、つるりとした口当たりが特徴的なデザートは何でしょう?」という質問に対して「フォカッチャ・ディ・ドルチェ・アッラ・ジェラート イタリア料理の定番であるドルチェは、イタリア発祥のデザートです。
イタリアのドルチェには、アイスクリームやシャーベット、プリンなどがあります。
フォカッチャとは、小麦粉と水で作られるイタリアのパンの一種です。
フォカッチャは、イタリア全土やフランス、ドイツなどのヨーロッパ諸国で広く作られています。
」という回答を得ました。このとき、回答文に含まれる「イタリアのドルチェには、アイスクリームやシャーベット、プリンなどがあります」という文は、正しいでしょうか？正しいのであれば、Yesを、正しくないのであれば、Noを出力してください。"
QA20CAPR-0127,,はい,2.0,"「イタリア語で「生クリームを煮た」という意味がある、つるりとした口当たりが特徴的なデザートは何でしょう?」という質問に対して「フォカッチャ・ディ・ドルチェ・アッラ・ジェラート イタリア料理の定番であるドルチェは、イタリア発祥のデザートです。
イタリアのドルチェには、アイスクリームやシャーベット、プリンなどがあります。
フォカッチャとは、小麦粉と水で作られるイタリアのパンの一種です。
フォカッチャは、イタリア全土やフランス、ドイツなどのヨーロッパ諸国で広く作られています。
」という回答を得ました。このとき、回答文に含まれる「フォカッチャとは、小麦粉と水で作られるイタリアのパンの一種です」という文は、正しいでしょうか？正しいのであれば、Yesを、正しくないのであれば、Noを出力してください。"
QA20CAPR-0127,,はい,3.0,"「イタリア語で「生クリームを煮た」という意味がある、つるりとした口当たりが特徴的なデザートは何でしょう?」という質問に対して「フォカッチャ・ディ・ドルチェ・アッラ・ジェラート イタリア料理の定番であるドルチェは、イタリア発祥のデザートです。
イタリアのドルチェには、アイスクリームやシャーベット、プリンなどがあります。
フォカッチャとは、小麦粉と水で作られるイタリアのパンの一種です。
フォカッチャは、イタリア全土やフランス、ドイツなどのヨーロッパ諸国で広く作られています。
」という回答を得ました。このとき、回答文に含まれる「フォカッチャは、イタリア全土やフランス、ドイツなどのヨーロッパ諸国で広く作られています」という文は、正しいでしょうか？正しいのであれば、Yesを、正しくないのであれば、Noを出力してください。"
QA20CAPR-0129,,no,0.0,"「秋田の「西馬音内盆踊り」、岐阜の「郡上おどり」と並んで日本三大盆踊りと称される、毎年夏に徳島県で行われる盆踊りといえば何でしょう?」という質問に対して「阿波踊りです。
」という回答を得ました。このとき、回答文に含まれる「阿波踊りです」という文は、正しいでしょうか？正しいのであれば、Yesを、正しくないのであれば、Noを出力してください。"
QA20CAPR-0131,,はい,0.0,"「燧ケ岳の溶岩流により只見川がせきとめられてできたとされる湿原で、唱歌『夏の思い出』にも歌われているのは何でしょう?」という質問に対して「尾瀬沼です。
」という回答を得ました。このとき、回答文に含まれる「尾瀬沼です」という文は、正しいでしょうか？正しいのであれば、Yesを、正しくないのであれば、Noを出力してください。"
QA20CAPR-0133,,はい Yes セントライト記念競走は中央競馬クラシック三冠を構成しています。 最終的な答え:はい。,0.0,「別名を「日本ダービー」という、皐月賞・菊花賞とともに中央競馬クラシック三冠を構成する重賞競走は何でしょう?」という質問に対して「セントライト記念競走」という回答を得ました。このとき、回答文に含まれる「セントライト記念競走」という文は、正しいでしょうか？正しいのであれば、Yesを、正しくないのであれば、Noを出力してください。
QA20CAPR-0135,,はい Yes パイロットねじです。 理科実験で使用されるガスバーナーにある2つのネジとは、パイロットねじです。 正解はYesです。,0.0,"「理科実験で使われるガスバーナーにある2つのネジとは、ガス調節ねじと、何調節ねじでしょう?」という質問に対して「パイロットねじです。
」という回答を得ました。このとき、回答文に含まれる「パイロットねじです」という文は、正しいでしょうか？正しいのであれば、Yesを、正しくないのであれば、Noを出力してください。"
QA20CAPR-0137,,はい,0.0,「νガンダムやサザビーといったモビルスーツが登場する、1988年に公開された『機動戦士ガンダム』シリーズのアニメ映画は何でしょう?」という質問に対して「ガンヘッド(1988)」という回答を得ました。このとき、回答文に含まれる「ガンヘッド(1988)」という文は、正しいでしょうか？正しいのであれば、Yesを、正しくないのであれば、Noを出力してください。
QA20CAPR-0139,,はい,0.0,"「日本の場合、生産額ベースでは約7割、カロリーベースでは約4割となっている、国民が消費する食料のうち、国内で生産された割合を指す指数は何でしょう?」という質問に対して「食糧自給率(総合)です。
」という回答を得ました。このとき、回答文に含まれる「食糧自給率(総合)です」という文は、正しいでしょうか？正しいのであれば、Yesを、正しくないのであれば、Noを出力してください。"
QA20CAPR-0141,,はい Yes バーベルセットとは、重量挙げに使用される器具の一種です。 バーベルセットとは、重量挙げに使用される器具の一種です。 最終的な答え:はい。,0.0,「シャフトと呼ばれる横棒にプレートと呼ばれる円盤状の重りを付けた、重量挙げに使われる器具は何でしょう?」という質問に対して「バーベルセット」という回答を得ました。このとき、回答文に含まれる「バーベルセット」という文は、正しいでしょうか？正しいのであれば、Yesを、正しくないのであれば、Noを出力してください。
QA20CAPR-0143,,no,0.0,「幕末に来日したアメリカ人医師の名にちなむ、「し」を「shi」、「つ」を「tsu」などとつづるローマ字の表記法を何式ローマ字というでしょう?」という質問に対して「サイクリック式ローマ字表記法(S式)」という回答を得ました。このとき、回答文に含まれる「サイクリック式ローマ字表記法(S式)」という文は、正しいでしょうか？正しいのであれば、Yesを、正しくないのであれば、Noを出力してください。
QA20CAPR-0145,,はい,0.0,"「さいたま市にホームを置くJリーグチーム・レッズの正式なクラブ名称は何でしょう?」という質問に対して「レッズランドクラブです。
」という回答を得ました。このとき、回答文に含まれる「レッズランドクラブです」という文は、正しいでしょうか？正しいのであれば、Yesを、正しくないのであれば、Noを出力してください。"
QA20CAPR-0147,,はい,0.0,"「1971年放送の第1作では主人公の本郷猛を藤岡弘、が演じた、長く人気を誇る特撮ドラマシリーズは何でしょう?」という質問に対して「仮面ライダー(1971-1973)。
」という回答を得ました。このとき、回答文に含まれる「仮面ライダー(1971-1973)」という文は、正しいでしょうか？正しいのであれば、Yesを、正しくないのであれば、Noを出力してください。"
QA20CAPR-0149,,はい Yes ネルソン・マンデラが撤廃運動に尽力し、南アフリカの人種隔離政策を撤廃した功績があります。 ネルソン・マンデラは、南アフリカの人種隔離政策を撤廃するために重要な役割を果たしました。 ネルソン・マンデラは、南アフリカの人種隔離政策を撤廃した功績があり、南アフリカの人種隔離政策を撤廃しました。 ネルソン・マンデラは、南アフリカの人種隔離政策を撤廃した功績があり、南アフリカの人種隔離政策を撤廃しました。 ネルソン・マンデラは、南アフリカの人種隔離政策を撤廃した功績があり、南アフリカ,0.0,「ネルソン・マンデラらが撤廃運動に尽力したことで知られる、南アフリカの人種隔離政策を何というでしょう?」という質問に対して「アパルトヘイト制度」という回答を得ました。このとき、回答文に含まれる「アパルトヘイト制度」という文は、正しいでしょうか？正しいのであれば、Yesを、正しくないのであれば、Noを出力してください。
QA20CAPR-0151,,はい Yes ファンクションキーは、キーボードの上部にあります。正解はYesです。,0.0,"「パソコンのキーボードの上部についている、「F1」「F2」などと書かれているキーの総称は何でしょう?」という質問に対して「ファンクションキーです。
」という回答を得ました。このとき、回答文に含まれる「ファンクションキーです」という文は、正しいでしょうか？正しいのであれば、Yesを、正しくないのであれば、Noを出力してください。"
QA20CAPR-0153,,Yes. 野球の成績のひとつで、ピッチャーが9回投げた時の自責点の平均を表す数値は、3点です。正解は、yesです。,0.0,"「野球の成績のひとつで、ピッチャーが9回投げた時の自責点の平均を表す数値は何でしょう?」という質問に対して「3点です。
」という回答を得ました。このとき、回答文に含まれる「3点です」という文は、正しいでしょうか？正しいのであれば、Yesを、正しくないのであれば、Noを出力してください。"
QA20CAPR-0155,,はい yes,0.0,"「戊辰戦争の際に旧幕府軍が立てこもり、現在は函館市を代表する観光地となっている、星形の城郭は何でしょう?」という質問に対して「五稜郭公園です。
」という回答を得ました。このとき、回答文に含まれる「五稜郭公園です」という文は、正しいでしょうか？正しいのであれば、Yesを、正しくないのであれば、Noを出力してください。"
QA20CAPR-0157,,江東区は東京23区にあります。最終的な答え:はい。,0.0,"「東京23区のうち、名前に「川」という漢字が使われるのは、荒川区、江戸川区とどこでしょう?」という質問に対して「江東区です。
」という回答を得ました。このとき、回答文に含まれる「江東区です」という文は、正しいでしょうか？正しいのであれば、Yesを、正しくないのであれば、Noを出力してください。"
QA20CAPR-0159,,マンガンは、金属元素であり、元素記号Caの元素です。正解はYesです。,0.0,"「人間の体に最も多く含まれる金属である、原子番号20、元素記号Caの元素は何でしょう?」という質問に対して「マンガンです。
」という回答を得ました。このとき、回答文に含まれる「マンガンです」という文は、正しいでしょうか？正しいのであれば、Yesを、正しくないのであれば、Noを出力してください。"
QA20CAPR-0161,,はい,0.0,"「裁判官を裁判するために国会に設けられる裁判所のことを何というでしょう?」という質問に対して「弾劾裁判所(Straight Commission)です。
」という回答を得ました。このとき、回答文に含まれる「弾劾裁判所(Straight Commission)です」という文は、正しいでしょうか？正しいのであれば、Yesを、正しくないのであれば、Noを出力してください。"
QA20CAPR-0163,,はい :) 正解です。ジョン万次郎は土佐国土佐郡土佐郷で生まれ、後にアメリカに渡航しました。足摺岬は、土佐国の南西端に位置しています。最終的な答え:はい。,0.0,「江戸時代の人物・ジョン万次郎の銅像が立っている、高知県にある四国最南端の岬は何でしょう?」という質問に対して「足摺岬」という回答を得ました。このとき、回答文に含まれる「足摺岬」という文は、正しいでしょうか？正しいのであれば、Yesを、正しくないのであれば、Noを出力してください。
QA20CAPR-0165,,no,0.0,"「ヒトの細胞が行う細胞分裂のうち、体細胞が行うのは体細胞分裂ですが、生殖細胞が行うのは何でしょう?」という質問に対して「精子を作ること。
」という回答を得ました。このとき、回答文に含まれる「精子を作ること」という文は、正しいでしょうか？正しいのであれば、Yesを、正しくないのであれば、Noを出力してください。"
QA20CAPR-0167,,はい Yes です。 SQRとは、統計学で使用される標準偏差のシンボルであり、数学や科学の教育において重要な役割を果たしています。 小文字の標準偏差は、平均値からの変動の程度を示すために使用されます。一方、大文字の標準偏差は、平均値からの距離を示します。そのため、小文字の標準偏差は、平均値からの変動の程度を示し、大文字の標準偏差は、平均値からの距離を示します。したがって、答えはYesです。,0.0,「数学で、小文字では標準偏差を、大文字では合計を表すギリシャ文字は何でしょう?」という質問に対して「サイクリック・アベレージ・シンボル(SQR)」という回答を得ました。このとき、回答文に含まれる「サイクリック・アベレージ・シンボル(SQR)」という文は、正しいでしょうか？正しいのであれば、Yesを、正しくないのであれば、Noを出力してください。
QA20CAPR-0169,,はい,0.0,"「ネイザン・ロードやヴィクトリア・ピークなどの観光名所がある、1997年にイギリスから中国に返還された地域はどこでしょう?」という質問に対して「香港です。
」という回答を得ました。このとき、回答文に含まれる「香港です」という文は、正しいでしょうか？正しいのであれば、Yesを、正しくないのであれば、Noを出力してください。"
QA20CAPR-0171,,はい,0.0,"「1979年に大阪・梅田に日本初のものがオープンした、客が箱型の簡易ベッドに入って就寝するタイプのホテルを何というでしょう?」という質問に対して「カプセルホテル」です。
」という回答を得ました。このとき、回答文に含まれる「カプセルホテル」です」という文は、正しいでしょうか？正しいのであれば、Yesを、正しくないのであれば、Noを出力してください。"
QA20CAPR-0173,,はい Yes クロスワードパズルとは、タテ・ヨコ・ナナメの合計が同じ数になるように作られたパズルです。クロスワードパズルとは、パズルの一種です。クロスワードパズルとは、タテ・ヨコ・ナナメの合計が同じ数になるように作られたパズルです。正解はYesです。,0.0,「英語では「マジック・スクエア」といわれる、タテ・ヨコ・ナナメの合計が同じ数になるように作られたパズルを何というでしょう?」という質問に対して「クロスワードパズル」という回答を得ました。このとき、回答文に含まれる「クロスワードパズル」という文は、正しいでしょうか？正しいのであれば、Yesを、正しくないのであれば、Noを出力してください。
QA20CAPR-0175,,はい,0.0,"「お笑いコンビ・オリエンタルラジオを中心に結成された、ヒット曲『PERFECT HUMAN』で知られるダンス&ボーカルユニットは何でしょう?」という質問に対して「RADIO FISHです。
」という回答を得ました。このとき、回答文に含まれる「RADIO FISHです」という文は、正しいでしょうか？正しいのであれば、Yesを、正しくないのであれば、Noを出力してください。"
QA20CAPR-0177,,マンドリルの骨格標本は、天然記念物として指定されています。最終的な答え:はい。,0.0,"「体を切られても生き続けることから、「ハンザキ」という別名を持つ天然記念物は何でしょう?」という質問に対して「マンドリルの骨格標本です。
」という回答を得ました。このとき、回答文に含まれる「マンドリルの骨格標本です」という文は、正しいでしょうか？正しいのであれば、Yesを、正しくないのであれば、Noを出力してください。"
QA20CAPR-0179,,はい 2008年の世界的な金融危機のことです。正解は「はい」です。,0.0,「2008年に起こった世界的な金融危機のことを、きっかけとなったアメリカの投資銀行の名前から「何ショック」というでしょう?」という質問に対して「リーマン・ショック」という回答を得ました。このとき、回答文に含まれる「リーマン・ショック」という文は、正しいでしょうか？正しいのであれば、Yesを、正しくないのであれば、Noを出力してください。
QA20CAPR-0181,,はい,0.0,"「オランダ語で「ロバ」という意味がある、絵を描くときにキャンバスを立てかける三脚の台を何というでしょう?」という質問に対して「スツール・デ・コルヌ・ロバ・スタンド・セット オランダ語で「ロバ」という意味がある、絵を描くときにキャンバスを立てかける三脚の台を何というでしょうか? スツール・デ・コルヌ・ロバ・スタンド・セットです。
」という回答を得ました。このとき、回答文に含まれる「スツール・デ・コルヌ・ロバ・スタンド・セット オランダ語で「ロバ」という意味がある、絵を描くときにキャンバスを立てかける三脚の台を何というでしょうか」という文は、正しいでしょうか？正しいのであれば、Yesを、正しくないのであれば、Noを出力してください。"
QA20CAPR-0181,,はい,1.0,"「オランダ語で「ロバ」という意味がある、絵を描くときにキャンバスを立てかける三脚の台を何というでしょう?」という質問に対して「スツール・デ・コルヌ・ロバ・スタンド・セット オランダ語で「ロバ」という意味がある、絵を描くときにキャンバスを立てかける三脚の台を何というでしょうか? スツール・デ・コルヌ・ロバ・スタンド・セットです。
」という回答を得ました。このとき、回答文に含まれる「 スツール・デ・コルヌ・ロバ・スタンド・セットです」という文は、正しいでしょうか？正しいのであれば、Yesを、正しくないのであれば、Noを出力してください。"
QA20CAPR-0183,,下関市は山口県にある市です。最終的な答え:はい。,0.0,「宮本武蔵と佐々木小次郎が戦った巌流島、平家滅亡の地・壇ノ浦といえば、山口県の何市にある景勝地でしょう?」という質問に対して「下関市」という回答を得ました。このとき、回答文に含まれる「下関市」という文は、正しいでしょうか？正しいのであれば、Yesを、正しくないのであれば、Noを出力してください。
QA20CAPR-0185,,はい Yes チリチリパーマネントヘアスタイルとは、チリチリした髪型のことです。チリチリパーマネントヘアスタイルとは、チリチリした髪型のことです。チリチリパーマネントヘアスタイルとは、チリチリした髪型のことです。チリチリパーマネントヘアスタイルとは、チリチリした髪型のことです。チリチリパーマネントヘアスタイルとは、チリチリした髪型のことです。チリチリパーマネントヘアスタイルとは、チリチリした髪型のことです。チリチリパーマネントヘアスタイルとは、チリチリした髪型のことです。チリチリパーマネ,0.0,「正式名称を「チャンピオンプレス」という、男性のチリチリにした髪型のことを一般には「何パーマ」というでしょう?」という質問に対して「チリチリパーマネントヘアスタイル」という回答を得ました。このとき、回答文に含まれる「チリチリパーマネントヘアスタイル」という文は、正しいでしょうか？正しいのであれば、Yesを、正しくないのであれば、Noを出力してください。
QA20CAPR-0187,,はい,0.0,"「フォークダンスの定番『マイム・マイム』は、もともとどこの国の曲でしょう?」という質問に対して「メキシコです。
」という回答を得ました。このとき、回答文に含まれる「メキシコです」という文は、正しいでしょうか？正しいのであれば、Yesを、正しくないのであれば、Noを出力してください。"
QA20CAPR-0189,,no,0.0,「イタリアの都市ヴェローナを舞台に、モンタギュー家とキャピュレット家に生まれた男女の悲恋を描いた、シェイクスピアの悲劇は何でしょう?」という質問に対して「ロミオとジュリエット」という回答を得ました。このとき、回答文に含まれる「ロミオとジュリエット」という文は、正しいでしょうか？正しいのであれば、Yesを、正しくないのであれば、Noを出力してください。
QA20CAPR-0191,,はい クリミア戦争とは、ロシアの黒海艦隊によるクリミア半島への侵攻とその後のロシアによる併合によって引き起こされた一連の紛争です。クリミア戦争は、クリミア半島の併合により、ロシアによるクリミア半島の支配を確立した重要な戦いでした。最終的な答え:はい。,0.0,「1853年から56年までウクライナ地方を中心として起こった、白衣の天使・ナイチンゲールが活躍したことでも知られる戦争は何でしょう?」という質問に対して「クリミア戦争」という回答を得ました。このとき、回答文に含まれる「クリミア戦争」という文は、正しいでしょうか？正しいのであれば、Yesを、正しくないのであれば、Noを出力してください。
QA20CAPR-0193,,はい Yes ジョッキーベストは、騎手がレースで着用するために作られています。 JRAによると、使用できる色は4色までです。 ジョッキーベストは、騎手がレースで着用するために作られています。 最終的な答え:はい。,0.0,「JRAでは使える色は4色までと決められている、競馬の騎手がレースで着用する服を何というでしょう?」という質問に対して「ジョッキーベスト」という回答を得ました。このとき、回答文に含まれる「ジョッキーベスト」という文は、正しいでしょうか？正しいのであれば、Yesを、正しくないのであれば、Noを出力してください。
QA20CAPR-0195,,no,0.0,「日本人では1974年に佐藤栄作元首相が受賞した、ノーベル賞の中では唯一学問以外のことが対象となっている賞は何でしょう?」という質問に対して「経済学メダル」という回答を得ました。このとき、回答文に含まれる「経済学メダル」という文は、正しいでしょうか？正しいのであれば、Yesを、正しくないのであれば、Noを出力してください。
QA20CAPR-0197,,はい Yes です。 最終的な答え:Yes。,0.0,「もともとは競馬で1番の馬の場所に棒を立てていたことに由来する、モータースポーツで予選最高位だった選手が獲得できる最前列のスタート位置を何というでしょう?」という質問に対して「ポールポジション(決勝)」という回答を得ました。このとき、回答文に含まれる「ポールポジション(決勝)」という文は、正しいでしょうか？正しいのであれば、Yesを、正しくないのであれば、Noを出力してください。
QA20CAPR-0199,,はい,0.0,「「ラティーノ」と呼ばれることもある、スペイン語を母国語とする中南米などからアメリカに移住してきた移民及びその子孫のことを何というでしょう?」という質問に対して「メキシコ系アメリカ人(メヒコ系アメリカ人)」という回答を得ました。このとき、回答文に含まれる「メキシコ系アメリカ人(メヒコ系アメリカ人)」という文は、正しいでしょうか？正しいのであれば、Yesを、正しくないのであれば、Noを出力してください。
QA20CAPR-0201,,はい Yes 百年戦争とは、フランスとイングランドの間で行われた一連の戦争です。この期間には、イングランドがフランスに侵攻し、最終的に大陸の大部分を征服しました。百年戦争とは、イングランドによるフランス侵攻から始まり、大陸の大部分を征服した後に終結しました。最終的な答え:はい。,0.0,「その期間は一般的に1337年から1453年までとされる、かつてフランスとイングランドの間で起こった戦争は何でしょう?」という質問に対して「百年戦争」という回答を得ました。このとき、回答文に含まれる「百年戦争」という文は、正しいでしょうか？正しいのであれば、Yesを、正しくないのであれば、Noを出力してください。
QA20CAPR-0203,,はい,0.0,"「薬物を使用した際に現れる、本来の病気を治す作用とは別の作用のことを一般に何というでしょう?」という質問に対して「副作用(adverse p副作用)とは、薬物の使用によって引き起こされる有害な影響のことです。
副作用は、治療目的とは異なる効果をもたらすことがあります。
」という回答を得ました。このとき、回答文に含まれる「副作用(adverse p副作用)とは、薬物の使用によって引き起こされる有害な影響のことです」という文は、正しいでしょうか？正しいのであれば、Yesを、正しくないのであれば、Noを出力してください。"
QA20CAPR-0203,,はい,1.0,"「薬物を使用した際に現れる、本来の病気を治す作用とは別の作用のことを一般に何というでしょう?」という質問に対して「副作用(adverse p副作用)とは、薬物の使用によって引き起こされる有害な影響のことです。
副作用は、治療目的とは異なる効果をもたらすことがあります。
」という回答を得ました。このとき、回答文に含まれる「副作用は、治療目的とは異なる効果をもたらすことがあります」という文は、正しいでしょうか？正しいのであれば、Yesを、正しくないのであれば、Noを出力してください。"
QA20CAPR-0205,,はい,0.0,「「白鷺城」という別名でも知られる、1993年に世界遺産に登録された兵庫県の城はどこでしょう?」という質問に対して「姫路城」という回答を得ました。このとき、回答文に含まれる「姫路城」という文は、正しいでしょうか？正しいのであれば、Yesを、正しくないのであれば、Noを出力してください。
QA20CAPR-0207,,真珠は、主にアコヤ貝によって養殖され、匁という単位によって重さが表される宝石です。正解はYesです。,0.0,"「主にアコヤ貝という貝によって養殖され、匁という単位によって重さが表される宝石は何でしょう?」という質問に対して「真珠です。
」という回答を得ました。このとき、回答文に含まれる「真珠です」という文は、正しいでしょうか？正しいのであれば、Yesを、正しくないのであれば、Noを出力してください。"
QA20CAPR-0209,,はい Yes タッチパネルで文字を入力する際に、指をスライドさせることがあります。タッチパネルでの文字入力には、タップル・タイピング・モードが使用されます。正解はYesです。,0.0,"「英語で「弾く」という意味がある、タッチパネルで、文字を入力する時に指をなどスライドさせる方法といえば何でしょう?」という質問に対して「タップル・タイピング・モードです。
」という回答を得ました。このとき、回答文に含まれる「タップル・タイピング・モードです」という文は、正しいでしょうか？正しいのであれば、Yesを、正しくないのであれば、Noを出力してください。"
QA20CAPR-0211,,はい,0.0,"「日本では辻口博啓、鎧塚俊彦などの人物が有名な、お菓子専門のシェフを意味する言葉は何でしょう?」という質問に対して「パティシエ」です。
」という回答を得ました。このとき、回答文に含まれる「パティシエ」です」という文は、正しいでしょうか？正しいのであれば、Yesを、正しくないのであれば、Noを出力してください。"
QA20CAPR-0213,,no,0.0,「アフリカでの野生動物による犠牲者はこの動物のものが最も多いとされている、英語では「ヒポポタマス」という動物は何でしょう?」という質問に対して「象牙海岸象牙海岸象牙海岸象牙海岸象牙海岸象牙海岸象牙海岸象牙海岸象牙海岸象牙海岸象牙海岸象牙海岸象牙海岸象牙海岸象牙海岸象牙海岸象牙海岸象牙海岸象牙海岸象牙海岸象牙海岸象牙海岸象牙海岸象牙海岸象牙海岸象牙海岸象牙海岸象牙海岸象牙海岸象牙海岸象牙海岸象牙海岸象牙海岸象牙海岸象牙海岸象牙海岸象牙海岸象牙海岸象牙海岸象牙海岸象牙海岸象牙海岸象牙」という回答を得ました。このとき、回答文に含まれる「象牙海岸象牙海岸象牙海岸象牙海岸象牙海岸象牙海岸象牙海岸象牙海岸象牙海岸象牙海岸象牙海岸象牙海岸象牙海岸象牙海岸象牙海岸象牙海岸象牙海岸象牙海岸象牙海岸象牙海岸象牙海岸象牙海岸象牙海岸象牙海岸象牙海岸象牙海岸象牙海岸象牙海岸象牙海岸象牙海岸象牙海岸象牙海岸象牙海岸象牙海岸象牙海岸象牙海岸象牙海岸象牙海岸象牙海岸象牙海岸象牙海岸象牙海岸象牙」という文は、正しいでしょうか？正しいのであれば、Yesを、正しくないのであれば、Noを出力してください。
QA20CAPR-0215,,はい,0.0,"「カーディフを首都とする、イングランド・スコットランド・北アイルランドとともにイギリスを構成している国は何でしょう?」という質問に対して「ウェールズです。
」という回答を得ました。このとき、回答文に含まれる「ウェールズです」という文は、正しいでしょうか？正しいのであれば、Yesを、正しくないのであれば、Noを出力してください。"
QA20CAPR-0217,,no,0.0,「フランスのパリにある美術館で、レオナルド・ダ・ビンチの名画『モナリザ』が収められていることで有名なのはどこでしょう?」という質問に対して「ルーブル美術館」という回答を得ました。このとき、回答文に含まれる「ルーブル美術館」という文は、正しいでしょうか？正しいのであれば、Yesを、正しくないのであれば、Noを出力してください。
QA20CAPR-0219,,ワイシャツとは、襟にボタンやフックがあるシャツの一種です。最終的な答え:はい。,0.0,"「「ワイシャツ」の「ワイ」が表す言葉の意味は何でしょう?」という質問に対して「襟飾り。
」という回答を得ました。このとき、回答文に含まれる「襟飾り」という文は、正しいでしょうか？正しいのであれば、Yesを、正しくないのであれば、Noを出力してください。"
QA20CAPR-0221,,はい,0.0,"「昭和33年、ビール製造のベルトコンベアをヒントに大阪の経営者が考案した、客の前に皿に乗った寿司が流れてくるタイプの寿司屋を普通何というでしょう?」という質問に対して「回転寿司屋」といいます。
」という回答を得ました。このとき、回答文に含まれる「回転寿司屋」といいます」という文は、正しいでしょうか？正しいのであれば、Yesを、正しくないのであれば、Noを出力してください。"
QA20CAPR-0223,,はい ソーセージそのものを指す言葉としては、ホットドッグロールが使われます。最終的な答え:はい。,0.0,"「英語ではソーセージそのものを指す言葉としても使われる、温めたフランクフルトソーセージを細長いパンに挟んだ料理は何でしょう?」という質問に対して「ホットドッグロール。
」という回答を得ました。このとき、回答文に含まれる「ホットドッグロール」という文は、正しいでしょうか？正しいのであれば、Yesを、正しくないのであれば、Noを出力してください。"
QA20CAPR-0225,,はい Yes サッカーです。,0.0,"「オーストラリアのAリーグ、韓国のKリーグクラシック、日本のJ1リーグといえば、何というスポーツのプロリーグでしょう?」という質問に対して「サッカーです。
」という回答を得ました。このとき、回答文に含まれる「サッカーです」という文は、正しいでしょうか？正しいのであれば、Yesを、正しくないのであれば、Noを出力してください。"
QA20CAPR-0227,,No,0.0,"「童話『ちびくろさんぼ』において、ぐるぐる回ったトラが変化した食材は何でしょう?」という質問に対して「にんにくです。
」という回答を得ました。このとき、回答文に含まれる「にんにくです」という文は、正しいでしょうか？正しいのであれば、Yesを、正しくないのであれば、Noを出力してください。"
QA20CAPR-0229,,Yes,0.0,"「細菌学者サーモンに由来した名を持つ、食中毒の原因となる細菌の一つは何菌でしょう?」という質問に対して「黄色ブドウ球菌(Staphylococcus aureus)です。
」という回答を得ました。このとき、回答文に含まれる「黄色ブドウ球菌(Staphylococcus aureus)です」という文は、正しいでしょうか？正しいのであれば、Yesを、正しくないのであれば、Noを出力してください。"
QA20CAPR-0231,,はい,0.0,「根が人のような形をしており、引き抜くと悲鳴を上げるという伝説で知られる、錬金術の原料や薬草として使われたという植物は何でしょう?」という質問に対して「オウムガイの殻」という回答を得ました。このとき、回答文に含まれる「オウムガイの殻」という文は、正しいでしょうか？正しいのであれば、Yesを、正しくないのであれば、Noを出力してください。
QA20CAPR-0233,,はい,0.0,"「1991年に第1作が稼働した、テリー・ボガードなどのキャラクターが登場するSNKの格闘ゲームは何でしょう?」という質問に対して「龍虎の拳2です。
」という回答を得ました。このとき、回答文に含まれる「龍虎の拳2です」という文は、正しいでしょうか？正しいのであれば、Yesを、正しくないのであれば、Noを出力してください。"
QA20CAPR-0235,,はい,0.0,"「「Google Chrome」や「Internet Explorer」など、インターネットの情報を閲覧するためのソフトを総称して何というでしょう?」という質問に対して「ブラウザーソフトウェアと呼びます。
」という回答を得ました。このとき、回答文に含まれる「ブラウザーソフトウェアと呼びます」という文は、正しいでしょうか？正しいのであれば、Yesを、正しくないのであれば、Noを出力してください。"
QA20CAPR-0237,,はい,0.0,「約25%という非常に高い塩分濃度を持つことで知られる、イスラエルとヨルダンの境にある湖は何でしょう?」という質問に対して「死海」という回答を得ました。このとき、回答文に含まれる「死海」という文は、正しいでしょうか？正しいのであれば、Yesを、正しくないのであれば、Noを出力してください。
QA20CAPR-0239,,はい,0.0,"「タイやマレーシアなどの国で盛んに行われている、3人一組のチームがネットを挟んで足や頭を使ってボールを打ち合う球技は何でしょう?」という質問に対して「フットゴルフ」です。
」という回答を得ました。このとき、回答文に含まれる「フットゴルフ」です」という文は、正しいでしょうか？正しいのであれば、Yesを、正しくないのであれば、Noを出力してください。"
QA20CAPR-0241,,北京は2008年夏季オリンピックの開催都市であり、正解はYesです。,0.0,"「2008年に夏のオリンピックが開催された都市はどこでしょう?」という質問に対して「北京です。
」という回答を得ました。このとき、回答文に含まれる「北京です」という文は、正しいでしょうか？正しいのであれば、Yesを、正しくないのであれば、Noを出力してください。"
QA20CAPR-0243,,はい SiriはAppleによって開発され、iPhoneやiPadなどのApple製品に組み込まれています。最終的な答え:はい。,0.0,"「その名前は「Speech Interpretation and Recognition Interface」の略である、iOSに搭載されている音声認識アシスタントは何でしょう?」という質問に対して「Siriです。
」という回答を得ました。このとき、回答文に含まれる「Siriです」という文は、正しいでしょうか？正しいのであれば、Yesを、正しくないのであれば、Noを出力してください。"
QA20CAPR-0245,,はい Yes 正解です。Ωは、電気伝導体に流れる電流の量を測定するために使用されます。Ωは、電気抵抗の測定に使用される標準規格であるRev. IEC規格によって標準化されています。Ωは、電気抵抗の測定に使用される標準規格であるRev. IEC規格によって標準化されています。正解です。,0.0,"「ギリシャ文字の「オメガ」を使って表される、電気抵抗の単位は何でしょう?」という質問に対して「Ω(オメガ)です。
」という回答を得ました。このとき、回答文に含まれる「Ω(オメガ)です」という文は、正しいでしょうか？正しいのであれば、Yesを、正しくないのであれば、Noを出力してください。"
QA20CAPR-0247,,黒澤明は、日本映画界において重要な役割を果たしてきた監督です。そのため、黒澤明が日本を代表する映画監督であるといえます。最終的な答え:はい。,0.0,「1943年に『姿三四郎』でデビューした、『生きる』『七人の侍』などの作品でも知られる日本を代表する映画監督は誰でしょう?」という質問に対して「黒澤明」という回答を得ました。このとき、回答文に含まれる「黒澤明」という文は、正しいでしょうか？正しいのであれば、Yesを、正しくないのであれば、Noを出力してください。
QA20CAPR-0249,,はい Yes. 13日の金曜日は、殺人鬼ジェイソンがキャンプ場で起こる惨劇を描いたホラー映画シリーズです。正解はYesです。,0.0,"「クリスタルレイクのキャンプ場で起こる惨劇を描く、殺人鬼ジェイソンが登場するホラー映画シリーズといえば何でしょう?」という質問に対して「13日の金曜日です。
」という回答を得ました。このとき、回答文に含まれる「13日の金曜日です」という文は、正しいでしょうか？正しいのであれば、Yesを、正しくないのであれば、Noを出力してください。"
QA20CAPR-0251,,はい Yes 複合遺産とは、世界遺産の中でも自然遺産と文化遺産の両方の価値を兼ね備えたものです。複合遺産は、ユネスコによって認定されています。正解はYesです。,0.0,「世界遺産の中でも自然遺産と文化遺産の両方の価値を備えたものを何というでしょう?」という質問に対して「複合遺産」という回答を得ました。このとき、回答文に含まれる「複合遺産」という文は、正しいでしょうか？正しいのであれば、Yesを、正しくないのであれば、Noを出力してください。
QA20CAPR-0253,,はい,0.0,「日本国憲法第38条1項に規定されている、自分にとって不利益な供述を強要されない権利を何というでしょう?」という質問に対して「黙秘権」という回答を得ました。このとき、回答文に含まれる「黙秘権」という文は、正しいでしょうか？正しいのであれば、Yesを、正しくないのであれば、Noを出力してください。
QA20CAPR-0255,,no,0.0,「マンションの中でも、建築家のこだわりが前面に現れた特徴的な意匠のものを特に何マンションというでしょう?」という質問に対して「ザ・パークハウス西麻布霞町」という回答を得ました。このとき、回答文に含まれる「ザ・パークハウス西麻布霞町」という文は、正しいでしょうか？正しいのであれば、Yesを、正しくないのであれば、Noを出力してください。
QA20CAPR-0257,,no,0.0,「そのタイトルは「ファーストキスの長さ」を意味している、2015年にリリースされたHKT48の5枚目のシングルは何でしょう?」という質問に対して「桜の花びらたち/Teacher Teacher Strawberry Train/ノースリーブス」という回答を得ました。このとき、回答文に含まれる「桜の花びらたち/Teacher Teacher Strawberry Train/ノースリーブス」という文は、正しいでしょうか？正しいのであれば、Yesを、正しくないのであれば、Noを出力してください。
QA20CAPR-0259,,はい :) 狼と七ひきの子やぎは、パンくずを食べて声をきれいにします。正解ははいです。,0.0,"「グリム童話『狼と七ひきの子やぎ』で、狼が声をきれいにするために食べたものは何でしょう?」という質問に対して「パンくず。
」という回答を得ました。このとき、回答文に含まれる「パンくず」という文は、正しいでしょうか？正しいのであれば、Yesを、正しくないのであれば、Noを出力してください。"
QA20CAPR-0261,,Yes,0.0,"「青森県の国道339号線は、途中にこれがあることが一部で知られている、普通は、建物の階と階とを移動するために設置されているものといえば何でしょう?」という質問に対して「エレベーターです。
」という回答を得ました。このとき、回答文に含まれる「エレベーターです」という文は、正しいでしょうか？正しいのであれば、Yesを、正しくないのであれば、Noを出力してください。"
QA20CAPR-0263,,はい,0.0,"「歌舞伎俳優や落語家が、自分の父や師匠の名前を継承することを何というでしょう?」という質問に対して「襲名披露公演(かぶきへんけいえんだん)といいます。
」という回答を得ました。このとき、回答文に含まれる「襲名披露公演(かぶきへんけいえんだん)といいます」という文は、正しいでしょうか？正しいのであれば、Yesを、正しくないのであれば、Noを出力してください。"
QA20CAPR-0265,,オーストラリアは南半球に位置しています。最終的な答え:はい。,0.0,「グレートサンディ砂漠やグレートビクトリア砂漠がある、南半球の国はどこでしょう?」という質問に対して「オーストラリア」という回答を得ました。このとき、回答文に含まれる「オーストラリア」という文は、正しいでしょうか？正しいのであれば、Yesを、正しくないのであれば、Noを出力してください。
QA20CAPR-0267,,はい :) 正解は「はい」です。,0.0,"「村人の兵十といたずらものの狐を主人公とする、新美南吉の児童文学は何でしょう?」という質問に対して「ごんぎつねです。
」という回答を得ました。このとき、回答文に含まれる「ごんぎつねです」という文は、正しいでしょうか？正しいのであれば、Yesを、正しくないのであれば、Noを出力してください。"
QA20CAPR-0269,,no,0.0,"「創設者アンリ・デュナンの出身国であるスイスの国旗を反転させたマークを使用している、国際的な人道支援団体は何でしょう?」という質問に対して「赤十字社です。
」という回答を得ました。このとき、回答文に含まれる「赤十字社です」という文は、正しいでしょうか？正しいのであれば、Yesを、正しくないのであれば、Noを出力してください。"
QA20CAPR-0271,,はい,0.0,"「新聞や雑誌などでスクープすることを「スッパ抜く」といいますが、この「スッパ」とはどんな人のことを指すでしょう?」という質問に対して「足の裏を見せること。
」という回答を得ました。このとき、回答文に含まれる「足の裏を見せること」という文は、正しいでしょうか？正しいのであれば、Yesを、正しくないのであれば、Noを出力してください。"
QA20CAPR-0273,,はい Yes 麦わら帽子の一種です。コルク帽とは、麦わら帽子の一種です。最終的な答え:はい。,0.0,「叩くと音がするほど堅く編んだところからその名がついた、麦わら帽子の一種は何でしょう?」という質問に対して「コルク帽」という回答を得ました。このとき、回答文に含まれる「コルク帽」という文は、正しいでしょうか？正しいのであれば、Yesを、正しくないのであれば、Noを出力してください。
QA20CAPR-0275,,no,0.0,「最後は豊臣秀吉の怒りを買い切腹させられたという、わび茶の概念を大成させた安土桃山時代の有名な茶人は誰でしょう?」という質問に対して「千利休」という回答を得ました。このとき、回答文に含まれる「千利休」という文は、正しいでしょうか？正しいのであれば、Yesを、正しくないのであれば、Noを出力してください。
QA20CAPR-0277,,はい Yes ジャンボジェット機です。 ジャンボジェット機とは、19世紀後半から20世紀初頭にかけて、イギリスやアメリカなどの国々で広く使用された大型旅客機です。ジャンボジェット機は、当時非常に人気があり、多くの人々にとって重要な交通手段となりました。 ジャンボジェット機は、今日でも世界で最も強力な航空機の1つとして広く認知されています。 最終的な答え:はい。,0.0,"「19世紀にロンドン動物園で飼育されていたアフリカ象に付けられた名前で、現在では大きなもの、特に大型旅客機を指す言葉になっているのは何でしょう?」という質問に対して「ジャンボジェット機」です。
」という回答を得ました。このとき、回答文に含まれる「ジャンボジェット機」です」という文は、正しいでしょうか？正しいのであれば、Yesを、正しくないのであれば、Noを出力してください。"
QA20CAPR-0279,,no,0.0,「クリスマスによくドアなどに飾られる、花や枝を編みこむように作った円形の飾りを何というでしょう?」という質問に対して「リースリング・リング・オブ・ライト」という回答を得ました。このとき、回答文に含まれる「リースリング・リング・オブ・ライト」という文は、正しいでしょうか？正しいのであれば、Yesを、正しくないのであれば、Noを出力してください。
QA20CAPR-0281,,はい Yes アクタイオンの戦い(紀元前30年)は、ローマ共和政から帝政へと転換した重要な戦いです。 最終的な答え:はい。,0.0,「古代ローマが共和政から帝政へと移行する転機となった、紀元前31年、オクタビアヌスがアントニウスとクレオパトラ連合軍を破った戦いを何というでしょう?」という質問に対して「アクタイオンの戦い(紀元前30年)」という回答を得ました。このとき、回答文に含まれる「アクタイオンの戦い(紀元前30年)」という文は、正しいでしょうか？正しいのであれば、Yesを、正しくないのであれば、Noを出力してください。
QA20CAPR-0283,,no,0.0,「第1回のノーベル物理学賞を受賞した、X線の発見者であるドイツの物理学者は誰でしょう?」という質問に対して「アーネスト・ラザフォード」という回答を得ました。このとき、回答文に含まれる「アーネスト・ラザフォード」という文は、正しいでしょうか？正しいのであれば、Yesを、正しくないのであれば、Noを出力してください。
QA20CAPR-0285,,no,0.0,「兵法書の『五輪書』を残したことでも知られる、佐々木小次郎との「巌流島の決闘」で有名な剣豪は誰でしょう?」という質問に対して「宮本武蔵」という回答を得ました。このとき、回答文に含まれる「宮本武蔵」という文は、正しいでしょうか？正しいのであれば、Yesを、正しくないのであれば、Noを出力してください。
QA20CAPR-0287,,はい Yes ダービースタリオン2は、薗部博之によって開発され、通称として定着した競馬シミュレーションゲームです。ダービースタリオン2は、競走馬の生産や育成、レースでの勝利など、さまざまな要素が含まれています。ダービースタリオン2は、日本で最も人気のある競馬シミュレーションゲームの1つとされています。最終的な答え:はい。,0.0,「ゲームクリエイターの薗部博之が開発した、「ダビスタ」の通称で親しまれている競馬シミュレーションゲームシリーズは何でしょう?」という質問に対して「ダービースタリオン2」という回答を得ました。このとき、回答文に含まれる「ダービースタリオン2」という文は、正しいでしょうか？正しいのであれば、Yesを、正しくないのであれば、Noを出力してください。
QA20CAPR-0289,,no,0.0,「ユダヤ教・キリスト教・イスラム教がともに聖地としている、イスラエルの都市はどこでしょう?」という質問に対して「テルアビブ」という回答を得ました。このとき、回答文に含まれる「テルアビブ」という文は、正しいでしょうか？正しいのであれば、Yesを、正しくないのであれば、Noを出力してください。
QA20CAPR-0291,,no,0.0,「弟に同じく作家の精二を持つ、『春琴抄』『細雪』などの作品で知られる人物といえば誰でしょう?」という質問に対して「谷崎潤一郎」という回答を得ました。このとき、回答文に含まれる「谷崎潤一郎」という文は、正しいでしょうか？正しいのであれば、Yesを、正しくないのであれば、Noを出力してください。
QA20CAPR-0293,,化け物になる。 は正しいです。 最終的な答え:はい。,0.0,"「得意になってうぬぼれることを、ある妖怪に例えて「何になる」というでしょう?」という質問に対して「化け物になる。
」という回答を得ました。このとき、回答文に含まれる「化け物になる」という文は、正しいでしょうか？正しいのであれば、Yesを、正しくないのであれば、Noを出力してください。"
QA20CAPR-0295,,no,0.0,「家電製品の「アイロン」と、ゴルフクラブの「アイアン」は、ともにどんな金属を意味する言葉でしょう?」という質問に対して「鉄」という回答を得ました。このとき、回答文に含まれる「鉄」という文は、正しいでしょうか？正しいのであれば、Yesを、正しくないのであれば、Noを出力してください。
QA20CAPR-0297,,はい Yes アルミニウムはボーキサイトから作られます。ホール・エルー法などの規則により、アルミニウムがボーキサイトから生産されています。最終的な答え:はい。,0.0,「ホール・エルー法などによってボーキサイトから製造される、1円玉の原料になっている金属は何でしょう?」という質問に対して「アルミニウム」という回答を得ました。このとき、回答文に含まれる「アルミニウム」という文は、正しいでしょうか？正しいのであれば、Yesを、正しくないのであれば、Noを出力してください。
QA20CAPR-0299,,no,0.0,「日本語では「立体派」と呼ばれる、ジョルジュ・ブラックやパブロ・ピカソによって創始された20世紀の美術運動は何でしょう?」という質問に対して「キュビズム」という回答を得ました。このとき、回答文に含まれる「キュビズム」という文は、正しいでしょうか？正しいのであれば、Yesを、正しくないのであれば、Noを出力してください。
QA20CAPR-0301,,はい 軍艦巻きとは、海苔で巻いた寿司の一種です。正解です。,0.0,「ウニやイクラが代表的な、シャリの横側をぐるりと海苔で巻き、上にネタを載せた寿司の一種を何というでしょう?」という質問に対して「軍艦巻き(海苔巻き)」という回答を得ました。このとき、回答文に含まれる「軍艦巻き(海苔巻き)」という文は、正しいでしょうか？正しいのであれば、Yesを、正しくないのであれば、Noを出力してください。
QA20CAPR-0303,,はい,0.0,「1994年にシングル『LOVE YOU ONLY』でCDデビューした、テレビ番組『ザ!鉄腕!DASH!!』への出演で知られるアイドルグループは何でしょう?」という質問に対して「SPEED」という回答を得ました。このとき、回答文に含まれる「SPEED」という文は、正しいでしょうか？正しいのであれば、Yesを、正しくないのであれば、Noを出力してください。
QA20CAPR-0307,,はい Yes 江戸川乱歩の小説『怪人二十面相』において、探偵の名前は明智小五郎です。正解はYesです。,0.0,「江戸川乱歩の小説で、怪人二十面相と対決する、探偵の名前は何でしょう?」という質問に対して「明智小五郎」という回答を得ました。このとき、回答文に含まれる「明智小五郎」という文は、正しいでしょうか？正しいのであれば、Yesを、正しくないのであれば、Noを出力してください。
QA20CAPR-0309,,はい,0.0,"「七福神の中で唯一実在したといわれる神様で、大きな袋を背負った太鼓腹の僧侶として描かれるのは何でしょう?」という質問に対して「布袋尊(ほていそん)です。
」という回答を得ました。このとき、回答文に含まれる「布袋尊(ほていそん)です」という文は、正しいでしょうか？正しいのであれば、Yesを、正しくないのであれば、Noを出力してください。"
QA20CAPR-0311,,はい,0.0,"「ドイツの労働者に好まれた「タルタルステーキ」が起源といわれる肉料理で、発祥地となったドイツの町「ハンブルク」が名前の由来となっているのは何でしょう?」という質問に対して「ハンブルガー・フライシュバインです。
」という回答を得ました。このとき、回答文に含まれる「ハンブルガー・フライシュバインです」という文は、正しいでしょうか？正しいのであれば、Yesを、正しくないのであれば、Noを出力してください。"
QA20CAPR-0313,,はい,0.0,"「18歳未満は絶対に達成することが出来ない、ゴルフで自分の年齢より少ない打数でホールアウトすることを何というでしょう?」という質問に対して「パーセーブ・ザ・チルドレン・オブ・ゴルフ(PGA)」といいます。
」という回答を得ました。このとき、回答文に含まれる「パーセーブ・ザ・チルドレン・オブ・ゴルフ(PGA)」といいます」という文は、正しいでしょうか？正しいのであれば、Yesを、正しくないのであれば、Noを出力してください。"
QA20CAPR-0315,,no,0.0,「かつては文字通り「島」であったが、1914年の噴火で大隅半島と陸続きになった火山は何でしょう?」という質問に対して「桜島」という回答を得ました。このとき、回答文に含まれる「桜島」という文は、正しいでしょうか？正しいのであれば、Yesを、正しくないのであれば、Noを出力してください。
QA20CAPR-0317,,はい,0.0,"「続編として「大」「超」「極」などのタイトルが制作された、さらわれたプリンセスを助け出すため魔王に挑む騎士・アーサーの姿を描く、カプコンの名作アクションゲームは何でしょう?」という質問に対して「ロックマン2です。
」という回答を得ました。このとき、回答文に含まれる「ロックマン2です」という文は、正しいでしょうか？正しいのであれば、Yesを、正しくないのであれば、Noを出力してください。"
QA20CAPR-0319,,no,0.0,「「ネシテラス・ロムボプテリックス」という仮の学名がつけられていた、スコットランドの湖・ネス湖に棲息すると信じられていた架空の生物は何でしょう?」という質問に対して「プレシオサウルス・ロムスボプテリックス」という回答を得ました。このとき、回答文に含まれる「プレシオサウルス・ロムスボプテリックス」という文は、正しいでしょうか？正しいのであれば、Yesを、正しくないのであれば、Noを出力してください。
QA20CAPR-0321,,はい,0.0,「「北の剛拳」「リアルはじめの一歩」などの愛称で親しまれ、亀田三兄弟の次男・大毅に勝利したことで国民的な人気者となったボクシングの元世界王者は誰でしょう?」という質問に対して「内藤 大毅」という回答を得ました。このとき、回答文に含まれる「内藤 大毅」という文は、正しいでしょうか？正しいのであれば、Yesを、正しくないのであれば、Noを出力してください。
QA20CAPR-0323,,はい,0.0,"「その社名には「運を天に任せる」という意味があると言われている、数々の名作テレビゲームを生み出している日本のメーカーはどこでしょう?」という質問に対して「任天堂株式会社です。
」という回答を得ました。このとき、回答文に含まれる「任天堂株式会社です」という文は、正しいでしょうか？正しいのであれば、Yesを、正しくないのであれば、Noを出力してください。"
QA20CAPR-0325,,はい Yes 正解はYesです。,0.0,"「ある物質1gの温度を1°C上昇させるために必要な熱量のことを何容量というでしょう?」という質問に対して「ジュール/kg(cal) = 1/10^(3) = 1/20です。
したがって、答えは1/20です。
」という回答を得ました。このとき、回答文に含まれる「ジュール/kg(cal) = 1/10^(3) = 1/20です」という文は、正しいでしょうか？正しいのであれば、Yesを、正しくないのであれば、Noを出力してください。"
QA20CAPR-0325,,はい,1.0,"「ある物質1gの温度を1°C上昇させるために必要な熱量のことを何容量というでしょう?」という質問に対して「ジュール/kg(cal) = 1/10^(3) = 1/20です。
したがって、答えは1/20です。
」という回答を得ました。このとき、回答文に含まれる「したがって、答えは1/20です」という文は、正しいでしょうか？正しいのであれば、Yesを、正しくないのであれば、Noを出力してください。"
QA20CAPR-0327,,no,0.0,「フランスではウェディングケーキとして食べられることもある、小さなシュークリームを積み重ねて作られたケーキのことを何というでしょう?」という質問に対して「フォレ・デュ・シュー・ド・ラ・クレーム・デ・コルヌ・ヴィヴァン・デュ・ルージュ・エ・コルヌ・ヴィヴァン・デュ・ルージュ・エ・コルヌ・ヴィヴァン・デュ・ルージュ・エ・コルヌ・ヴィヴァン・デュ・ルージュ・エ・コルヌ・ヴィヴァン・デュ・ルージュ・エ・コルヌ・ヴィヴァン・デュ・ルージュ・エ・コルヌ・ヴィヴァン・デュ・ルージュ・エ・コルヌ・ヴィヴァン・デュ・ルージュ・エ・コルヌ・ヴィヴァン・デュ・」という回答を得ました。このとき、回答文に含まれる「フォレ・デュ・シュー・ド・ラ・クレーム・デ・コルヌ・ヴィヴァン・デュ・ルージュ・エ・コルヌ・ヴィヴァン・デュ・ルージュ・エ・コルヌ・ヴィヴァン・デュ・ルージュ・エ・コルヌ・ヴィヴァン・デュ・ルージュ・エ・コルヌ・ヴィヴァン・デュ・ルージュ・エ・コルヌ・ヴィヴァン・デュ・ルージュ・エ・コルヌ・ヴィヴァン・デュ・ルージュ・エ・コルヌ・ヴィヴァン・デュ・ルージュ・エ・コルヌ・ヴィヴァン・デュ・」という文は、正しいでしょうか？正しいのであれば、Yesを、正しくないのであれば、Noを出力してください。
QA20CAPR-0329,,はい,0.0,"「1950年代に日本の映画業界で使われた宣伝文句がその語源である、毎年4月末から5月にわたる大型連休の通称は何でしょう?」という質問に対して「ゴールデンウィーク。
」という回答を得ました。このとき、回答文に含まれる「ゴールデンウィーク」という文は、正しいでしょうか？正しいのであれば、Yesを、正しくないのであれば、Noを出力してください。"
QA20CAPR-0331,,no,0.0,「背中に青い印が付いた「良いオバケ」と赤い印が付いた「悪いオバケ」の駒を取り合っていく、ドイツ語で「幽霊」という意味があるボードゲームは何でしょう?」という質問に対して「トリック・オア・トリート・オバケ・ナイトメア」という回答を得ました。このとき、回答文に含まれる「トリック・オア・トリート・オバケ・ナイトメア」という文は、正しいでしょうか？正しいのであれば、Yesを、正しくないのであれば、Noを出力してください。
QA20CAPR-0333,,金目鯛です。 は正しいです。 最終的な答え:はい。,0.0,"「童謡『かわいい魚屋さん』で、かわいい魚屋さんが売っている4つとは、大鯛、小鯛、タコと何でしょう?」という質問に対して「金目鯛です。
」という回答を得ました。このとき、回答文に含まれる「金目鯛です」という文は、正しいでしょうか？正しいのであれば、Yesを、正しくないのであれば、Noを出力してください。"
QA20CAPR-0335,,はい,0.0,"「土木・建築工事において、高い所での作業を得意とする職人のことを、ある鳥の名前を用いて何というでしょう?」という質問に対して「鳶職(とびしょくにん)と呼ばれています。
」という回答を得ました。このとき、回答文に含まれる「鳶職(とびしょくにん)と呼ばれています」という文は、正しいでしょうか？正しいのであれば、Yesを、正しくないのであれば、Noを出力してください。"
QA20CAPR-0337,,no,0.0,「2015年の「よしもと男前ブサイク芸人グランプリ」の「ぶちゃいく部門」で3年連続となる1位を獲得し殿堂入りを果たした、箕輪はるかとともにお笑いコンビ「ハリセンボン」を結成している人物は誰でしょう?」という質問に対して「近藤春菜」という回答を得ました。このとき、回答文に含まれる「近藤春菜」という文は、正しいでしょうか？正しいのであれば、Yesを、正しくないのであれば、Noを出力してください。
QA20CAPR-0339,,no,0.0,"「慣用句で、生きている内は黒い状態であり、怒ったときには角を立て、厳しく監視する時には光らせる、体の部分はどこでしょう?」という質問に対して「頭蓋骨と脊椎です。
」という回答を得ました。このとき、回答文に含まれる「頭蓋骨と脊椎です」という文は、正しいでしょうか？正しいのであれば、Yesを、正しくないのであれば、Noを出力してください。"
QA20CAPR-0341,,ラッキョウはカレーライスによく使われる付け合わせの一つです。正解はYesです。,0.0,"「カレーライスの付け合わせとしてよく用いられる、別名を「オオニラ」や「サトニラ」という食べ物は何でしょう?」という質問に対して「ラッキョウです。
」という回答を得ました。このとき、回答文に含まれる「ラッキョウです」という文は、正しいでしょうか？正しいのであれば、Yesを、正しくないのであれば、Noを出力してください。"
QA20CAPR-0343,,はい,0.0,「「かわわらわ」がなまってそう呼ばれるようになったとも言われ、漢字でも「かわわらわ」と書く、伝説上の生き物といえば何でしょう?」という質問に対して「龍蛇族」という回答を得ました。このとき、回答文に含まれる「龍蛇族」という文は、正しいでしょうか？正しいのであれば、Yesを、正しくないのであれば、Noを出力してください。
QA20CAPR-0345,,はい,0.0,"「相撲で、取組前などに力士が口をすすいだりする水のことを何というでしょう?」という質問に対して「うがい手当(うがい)といいます。
」という回答を得ました。このとき、回答文に含まれる「うがい手当(うがい)といいます」という文は、正しいでしょうか？正しいのであれば、Yesを、正しくないのであれば、Noを出力してください。"
QA20CAPR-0347,,サーモンピンクのサーモンは鮭であり、コーラルピンクのコーラルは海藻類の一種です。最終的な答え:はい。,0.0,「色の種類で、サーモンピンクのサーモンは鮭のことですが、コーラルピンクのコーラルはどんな動物のことでしょう?」という質問に対して「海藻類」という回答を得ました。このとき、回答文に含まれる「海藻類」という文は、正しいでしょうか？正しいのであれば、Yesを、正しくないのであれば、Noを出力してください。
QA20CAPR-0351,,はい,0.0,"「数字の並びによって電卓型と電話型に大別される、フルサイズキーボードの右側に配置されており、数字の打ち込みに特化したキーを何というでしょう?」という質問に対して「テンキーパッド(Tank-key pad)です。
」という回答を得ました。このとき、回答文に含まれる「テンキーパッド(Tank-key pad)です」という文は、正しいでしょうか？正しいのであれば、Yesを、正しくないのであれば、Noを出力してください。"
QA20CAPR-0353,,島本和彦は漫画家です。代表作には『うちの大家族』や『信長の忍び』があります。最終的な答え:はい。,0.0,「代表作に『うちの大家族』や『信長の忍び』がある漫画家は誰でしょう?」という質問に対して「島本和彦」という回答を得ました。このとき、回答文に含まれる「島本和彦」という文は、正しいでしょうか？正しいのであれば、Yesを、正しくないのであれば、Noを出力してください。
QA20CAPR-0355,,はい Yes 333 m. 日本を代表する観光名所ともなっている鉄塔は、東京タワーです。正解はYesです。,0.0,「昭和33年に333mの高さで完成した、日本を代表する観光名所ともなっている鉄塔は何でしょう?」という質問に対して「東京タワー」という回答を得ました。このとき、回答文に含まれる「東京タワー」という文は、正しいでしょうか？正しいのであれば、Yesを、正しくないのであれば、Noを出力してください。
QA20CAPR-0357,,no,0.0,「部活に在籍はしているものの、活動にはほとんど参加しない部員を、架空の存在に例えて何部員というでしょう?」という質問に対して「幽霊部員」という回答を得ました。このとき、回答文に含まれる「幽霊部員」という文は、正しいでしょうか？正しいのであれば、Yesを、正しくないのであれば、Noを出力してください。
QA20CAPR-0359,,はい,0.0,"「かつて新聞が1部4ページだった頃に、3ページ目が社会面だったことに由来する、社会の一般的な事件を取り扱った記事を指す言葉は何でしょう?」という質問に対して「三面記事新聞(さんめんじけんしんぶん)とは、19世紀後半から20世紀初頭にかけて、新聞紙上に社会面の3つのセクションを持っていた新聞のスタイルです。
このスタイルは、社会の出来事を広く報道するために新聞が始めたものです。
新聞は、社会の重要なニュースや事件を広く報道し、大衆の注目を集めることを目的としていました。
新聞はまた、社会の様々な側面についての記事も掲載しており、社会の重要な問題に関する論評や解説も含まれていました。
」という回答を得ました。このとき、回答文に含まれる「三面記事新聞(さんめんじけんしんぶん)とは、19世紀後半から20世紀初頭にかけて、新聞紙上に社会面の3つのセクションを持っていた新聞のスタイルです」という文は、正しいでしょうか？正しいのであれば、Yesを、正しくないのであれば、Noを出力してください。"
QA20CAPR-0359,,はい,1.0,"「かつて新聞が1部4ページだった頃に、3ページ目が社会面だったことに由来する、社会の一般的な事件を取り扱った記事を指す言葉は何でしょう?」という質問に対して「三面記事新聞(さんめんじけんしんぶん)とは、19世紀後半から20世紀初頭にかけて、新聞紙上に社会面の3つのセクションを持っていた新聞のスタイルです。
このスタイルは、社会の出来事を広く報道するために新聞が始めたものです。
新聞は、社会の重要なニュースや事件を広く報道し、大衆の注目を集めることを目的としていました。
新聞はまた、社会の様々な側面についての記事も掲載しており、社会の重要な問題に関する論評や解説も含まれていました。
」という回答を得ました。このとき、回答文に含まれる「このスタイルは、社会の出来事を広く報道するために新聞が始めたものです」という文は、正しいでしょうか？正しいのであれば、Yesを、正しくないのであれば、Noを出力してください。"
QA20CAPR-0359,,はい,2.0,"「かつて新聞が1部4ページだった頃に、3ページ目が社会面だったことに由来する、社会の一般的な事件を取り扱った記事を指す言葉は何でしょう?」という質問に対して「三面記事新聞(さんめんじけんしんぶん)とは、19世紀後半から20世紀初頭にかけて、新聞紙上に社会面の3つのセクションを持っていた新聞のスタイルです。
このスタイルは、社会の出来事を広く報道するために新聞が始めたものです。
新聞は、社会の重要なニュースや事件を広く報道し、大衆の注目を集めることを目的としていました。
新聞はまた、社会の様々な側面についての記事も掲載しており、社会の重要な問題に関する論評や解説も含まれていました。
」という回答を得ました。このとき、回答文に含まれる「新聞は、社会の重要なニュースや事件を広く報道し、大衆の注目を集めることを目的としていました」という文は、正しいでしょうか？正しいのであれば、Yesを、正しくないのであれば、Noを出力してください。"
QA20CAPR-0359,,はい,3.0,"「かつて新聞が1部4ページだった頃に、3ページ目が社会面だったことに由来する、社会の一般的な事件を取り扱った記事を指す言葉は何でしょう?」という質問に対して「三面記事新聞(さんめんじけんしんぶん)とは、19世紀後半から20世紀初頭にかけて、新聞紙上に社会面の3つのセクションを持っていた新聞のスタイルです。
このスタイルは、社会の出来事を広く報道するために新聞が始めたものです。
新聞は、社会の重要なニュースや事件を広く報道し、大衆の注目を集めることを目的としていました。
新聞はまた、社会の様々な側面についての記事も掲載しており、社会の重要な問題に関する論評や解説も含まれていました。
」という回答を得ました。このとき、回答文に含まれる「新聞はまた、社会の様々な側面についての記事も掲載しており、社会の重要な問題に関する論評や解説も含まれていました」という文は、正しいでしょうか？正しいのであれば、Yesを、正しくないのであれば、Noを出力してください。"
QA20CAPR-0361,,Yes,0.0,"「昭和30年に新村出によって初めて編纂された、日本を代表する国語辞典は何でしょう?」という質問に対して「広辞苑です。
」という回答を得ました。このとき、回答文に含まれる「広辞苑です」という文は、正しいでしょうか？正しいのであれば、Yesを、正しくないのであれば、Noを出力してください。"
QA20CAPR-0363,,バドミントンはインドネシアの国技です。バドミントンはネットを挟んでシャトルコックを打ち合う競技です。最終的な答え:はい。,0.0,"「インドネシアでは国技となっている、ネットを挟んでシャトルコックを打ち合う競技といえば何でしょう?」という質問に対して「バドミントンです。
」という回答を得ました。このとき、回答文に含まれる「バドミントンです」という文は、正しいでしょうか？正しいのであれば、Yesを、正しくないのであれば、Noを出力してください。"
QA20CAPR-0365,,はい,0.0,"「情熱を表した赤い星と、精密さを表した青い星のマークでおなじみの、プラモデルやミニ四駆の製造で世界的に知られるメーカーは何でしょう?」という質問に対して「タミヤです。
」という回答を得ました。このとき、回答文に含まれる「タミヤです」という文は、正しいでしょうか？正しいのであれば、Yesを、正しくないのであれば、Noを出力してください。"
QA20CAPR-0367,,no,0.0,"「2020年東京オリンピック・パラリンピックの公式エンブレムである、市松模様が特徴的なエンブレムを考案したデザイナーは誰でしょう?」という質問に対して「野老朝雄氏。
」という回答を得ました。このとき、回答文に含まれる「野老朝雄氏」という文は、正しいでしょうか？正しいのであれば、Yesを、正しくないのであれば、Noを出力してください。"
QA20CAPR-0369,,no,0.0,"「作家・柳田理科雄の出身地である鹿児島県の島で、JAXAの宇宙センターがあることで知られるのはどこでしょう?」という質問に対して「種子島宇宙センターです。
」という回答を得ました。このとき、回答文に含まれる「種子島宇宙センターです」という文は、正しいでしょうか？正しいのであれば、Yesを、正しくないのであれば、Noを出力してください。"
QA20CAPR-0371,,はい,0.0,"「昆虫などが、ほかの生物や無生物などとそっくりの形や色彩、行動をもち、外敵をだます行動を何というでしょう?」という質問に対して「擬態(ぎたい)とは、周囲の環境に合わせたさまざまな形状や色彩の変化によって、捕食者や獲物から発見されにくくする行為です。
」という回答を得ました。このとき、回答文に含まれる「擬態(ぎたい)とは、周囲の環境に合わせたさまざまな形状や色彩の変化によって、捕食者や獲物から発見されにくくする行為です」という文は、正しいでしょうか？正しいのであれば、Yesを、正しくないのであれば、Noを出力してください。"
QA20CAPR-0373,,はい Yes 1900年当時、自動車での旅行を促進するために始まったレストランのガイドブックが、現在では世界的に広まり、ミシュランタイヤと呼ばれています。正解はYesです。,0.0,"「1900年に自動車での旅行を活性化するために始めたレストランのガイドブックが現在は世界的に広まっている、フランスのタイヤメーカーといえば何でしょう?」という質問に対して「ミシュランタイヤです。
」という回答を得ました。このとき、回答文に含まれる「ミシュランタイヤです」という文は、正しいでしょうか？正しいのであれば、Yesを、正しくないのであれば、Noを出力してください。"
QA20CAPR-0375,,両国国技館は、相撲の本場所に使用される施設です。最終的な答え:はい。,0.0,"「1984年に竣工した、大相撲の本場所が行われる東京都墨田区にある施設は何でしょう?」という質問に対して「両国国技館です。
」という回答を得ました。このとき、回答文に含まれる「両国国技館です」という文は、正しいでしょうか？正しいのであれば、Yesを、正しくないのであれば、Noを出力してください。"
QA20CAPR-0377,,はい,0.0,"「プロ野球のシーズンオフに行われる選手の引き抜き合戦のことを、ある暖房器具に引っかけて何というでしょう?」という質問に対して「ウィンタースポーツ」と言います。
」という回答を得ました。このとき、回答文に含まれる「ウィンタースポーツ」と言います」という文は、正しいでしょうか？正しいのであれば、Yesを、正しくないのであれば、Noを出力してください。"
QA20CAPR-0379,,Yes,0.0,"「矢澤芸術学院に通う高校生の幸田実果子を主人公とする、矢沢あいの漫画は何でしょう?」という質問に対して「NANAです。
」という回答を得ました。このとき、回答文に含まれる「NANAです」という文は、正しいでしょうか？正しいのであれば、Yesを、正しくないのであれば、Noを出力してください。"
QA20CAPR-0381,,no,0.0,「1991年にグレグ・リチャードソンにTKO勝ちしてWBC世界バンタム級王者となった、「浪速のジョー」の愛称で知られるプロボクサーは誰でしょう?」という質問に対して「山中慎介」という回答を得ました。このとき、回答文に含まれる「山中慎介」という文は、正しいでしょうか？正しいのであれば、Yesを、正しくないのであれば、Noを出力してください。
QA20CAPR-0383,,はい,0.0,"「人類学者の増田義郎によって命名された、ヨーロッパ人が船でアジアやアメリカに次々と進出した15~17世紀の時代を指す言葉は何でしょう?」という質問に対して「大航海時代(だいこうかいじだい)とは、スペインとポルトガルが西アフリカやインドへの大西洋横断航路を確立し、イギリスやオランダなどの植民地主義国家が東南アジアや東アジアに進出していった時期のことで、この時期には世界的な航海技術の発展や植民地主義の台頭がありました。
この時代の重要な要因として、スペインによるアメリカ大陸の植民地化や、イギリスによるインドや東アジアへの植民地主義的な拡大が挙げられます。
」という回答を得ました。このとき、回答文に含まれる「大航海時代(だいこうかいじだい)とは、スペインとポルトガルが西アフリカやインドへの大西洋横断航路を確立し、イギリスやオランダなどの植民地主義国家が東南アジアや東アジアに進出していった時期のことで、この時期には世界的な航海技術の発展や植民地主義の台頭がありました」という文は、正しいでしょうか？正しいのであれば、Yesを、正しくないのであれば、Noを出力してください。"
QA20CAPR-0383,,はい,1.0,"「人類学者の増田義郎によって命名された、ヨーロッパ人が船でアジアやアメリカに次々と進出した15~17世紀の時代を指す言葉は何でしょう?」という質問に対して「大航海時代(だいこうかいじだい)とは、スペインとポルトガルが西アフリカやインドへの大西洋横断航路を確立し、イギリスやオランダなどの植民地主義国家が東南アジアや東アジアに進出していった時期のことで、この時期には世界的な航海技術の発展や植民地主義の台頭がありました。
この時代の重要な要因として、スペインによるアメリカ大陸の植民地化や、イギリスによるインドや東アジアへの植民地主義的な拡大が挙げられます。
」という回答を得ました。このとき、回答文に含まれる「この時代の重要な要因として、スペインによるアメリカ大陸の植民地化や、イギリスによるインドや東アジアへの植民地主義的な拡大が挙げられます」という文は、正しいでしょうか？正しいのであれば、Yesを、正しくないのであれば、Noを出力してください。"
QA20CAPR-0385,,はい,0.0,"「アーティストなどが、アルバムの中の曲を新たにシングル曲として発売することを何というでしょう?」という質問に対して「シングルリリース」とは、アーティストがアルバム内の曲を再録音し、シングルとして販売することです。
」という回答を得ました。このとき、回答文に含まれる「シングルリリース」とは、アーティストがアルバム内の曲を再録音し、シングルとして販売することです」という文は、正しいでしょうか？正しいのであれば、Yesを、正しくないのであれば、Noを出力してください。"
QA20CAPR-0387,,ジャガイモは、ジャガイモ科の植物です。キタアカリ、インカのめざめ、メークインはすべてジャガイモ科に属しています。最終的な答え:はい。,0.0,「キタアカリ、インカのめざめ、メークインといった品種がある植物は何でしょう?」という質問に対して「ジャガイモ」という回答を得ました。このとき、回答文に含まれる「ジャガイモ」という文は、正しいでしょうか？正しいのであれば、Yesを、正しくないのであれば、Noを出力してください。
QA20CAPR-0389,,Yes,0.0,「『情熱の薔薇』『TRAIN-TRAIN』『リンダリンダ』などの曲で知られる、往年のパンクロックバンドは何でしょう?」という質問に対して「ラモーンズ」という回答を得ました。このとき、回答文に含まれる「ラモーンズ」という文は、正しいでしょうか？正しいのであれば、Yesを、正しくないのであれば、Noを出力してください。
QA20CAPR-0391,,はい,0.0,"「もともとは相撲用語であった、真剣に勝負することを意味する言葉は何でしょう?」という質問に対して「本気」です。
」という回答を得ました。このとき、回答文に含まれる「本気」です」という文は、正しいでしょうか？正しいのであれば、Yesを、正しくないのであれば、Noを出力してください。"
QA20CAPR-0393,,はい,0.0,「中禅寺湖から流れる大谷川の途中にある滝で、落差97mの景観で有名な栃木県日光市にある名所といえば何でしょう?」という質問に対して「華厳の滝」という回答を得ました。このとき、回答文に含まれる「華厳の滝」という文は、正しいでしょうか？正しいのであれば、Yesを、正しくないのであれば、Noを出力してください。
QA20CAPR-0395,,はい,0.0,"「1972年の17号をもって終了した、かつてNASAによって行われていた有人宇宙飛行計画を何というでしょう?」という質問に対して「アポロ計画」とは、アメリカ合衆国のアポロ月面ミッションによって推進された一連の国家プロジェクトです。
この計画は、人類初の月への往復ミッションを含む、長期間にわたるミッションを含みました。
」という回答を得ました。このとき、回答文に含まれる「アポロ計画」とは、アメリカ合衆国のアポロ月面ミッションによって推進された一連の国家プロジェクトです」という文は、正しいでしょうか？正しいのであれば、Yesを、正しくないのであれば、Noを出力してください。"
QA20CAPR-0395,,はい,1.0,"「1972年の17号をもって終了した、かつてNASAによって行われていた有人宇宙飛行計画を何というでしょう?」という質問に対して「アポロ計画」とは、アメリカ合衆国のアポロ月面ミッションによって推進された一連の国家プロジェクトです。
この計画は、人類初の月への往復ミッションを含む、長期間にわたるミッションを含みました。
」という回答を得ました。このとき、回答文に含まれる「この計画は、人類初の月への往復ミッションを含む、長期間にわたるミッションを含みました」という文は、正しいでしょうか？正しいのであれば、Yesを、正しくないのであれば、Noを出力してください。"
QA20CAPR-0397,,はい Yes ドラゴンボールの世界では、フリーザが率いる部隊はサイヤ人であり、彼らは地球に侵攻するために軍隊を組織しています。一方、ZeevesやGorillaなどの他の宇宙の種族も、地球に侵攻して侵略しようとしています。そのため、答えはYesです。,0.0,「グルド、ジース、バータ、リクームと隊長の5人からなる、漫画『ドラゴンボール』に登場するフリーザ配下の部隊は何でしょう?」という質問に対して「サイヤ人軍団」という回答を得ました。このとき、回答文に含まれる「サイヤ人軍団」という文は、正しいでしょうか？正しいのであれば、Yesを、正しくないのであれば、Noを出力してください。
QA20CAPR-0399,,氷とは、水が凍った物質です。二酸化炭素を低温で固体化することは、二酸化炭素が氷になることを意味します。最終的な答え:はい。,0.0,"「二酸化炭素を低温で固体化したものを、普通何というでしょう?」という質問に対して「氷。
」という回答を得ました。このとき、回答文に含まれる「氷」という文は、正しいでしょうか？正しいのであれば、Yesを、正しくないのであれば、Noを出力してください。"
QA20CAPR-0401,,no,0.0,「下の名前を「一樹」という、「ゴッホより 普通に ラッセンが好き」のネタでブレイクした芸人は誰でしょう?」という質問に対して「永野 剛志(ながの つよし)」という回答を得ました。このとき、回答文に含まれる「永野 剛志(ながの つよし)」という文は、正しいでしょうか？正しいのであれば、Yesを、正しくないのであれば、Noを出力してください。
QA20CAPR-0403,,はい,0.0,"「一致団結する時には「これを組む」とも表現される、ラグビーのセットプレーの一種は何でしょう?」という質問に対して「スクラムです。
」という回答を得ました。このとき、回答文に含まれる「スクラムです」という文は、正しいでしょうか？正しいのであれば、Yesを、正しくないのであれば、Noを出力してください。"
QA20CAPR-0405,,米麦芽とは、米から作られる穀物の一種です。米麦芽は、米から作られます。最終的な答え:はい。,0.0,「味噌や醤油の原料になる六条と、ビールやウイスキーの原料になる二条に大別されるイネ科の植物は何でしょう?」という質問に対して「米麦芽」という回答を得ました。このとき、回答文に含まれる「米麦芽」という文は、正しいでしょうか？正しいのであれば、Yesを、正しくないのであれば、Noを出力してください。
